commit,author_date,committer_date,merge,files_changed,insertions,deletions,binary_files,area,seeker_files,seeker_lines
f58b530acff3178b5556e72264117f5a96784c8d,2026-08-11T21:13:33+05:00,2026-08-11T21:13:33+05:00,0,563,107279,0,253,app,12,1571
94f1a9a7a59a6c64fe9b54840901daf9c2809347,2026-08-12T09:40:51+05:00,2026-08-12T09:40:51+05:00,0,9,851,53,0,tests,0,0
b208d0618c69acf38140066c85ba9e29deabf1ad,2026-08-12T10:56:27+05:00,2026-08-12T10:56:27+05:00,0,14,1287,74,0,tests,0,0
6f8085104eb004187edcd0e284e27295f8841f40,2026-08-12T12:42:45+05:00,2026-08-12T12:42:45+05:00,0,7,1698,346,0,app,0,0
171618cf066c2e15bed752f6a9dddbf8775d60f2,2026-08-12T13:29:00+05:00,2026-08-12T13:29:00+05:00,0,3,144,8,0,tests,0,0
cb4880b5b0e2bc214f3cdc3c825e6dfef0aad339,2026-08-12T22:30:17+05:00,2026-08-12T22:30:17+05:00,0,5,394,165,0,app,0,0
3f2e538cb6485b786b519265b5f28e5d8ac7afc3,2026-08-12T23:34:31+05:00,2026-08-12T23:34:31+05:00,0,10,1052,142,0,app,0,0
51820c52320a3561e3f5df44565a1893d4371f59,2026-08-13T04:55:30+05:00,2026-08-13T04:55:30+05:00,0,1,69,61,0,app,0,0
fc5c514fb18416486971dd58b754d201c9913ab3,2026-08-13T05:15:11+05:00,2026-08-13T05:15:11+05:00,0,2,19,3,0,app,0,0
736a83b0552d941822e90bb1d3eff6171ecc6801,2026-08-13T08:45:07+05:00,2026-08-13T08:45:07+05:00,0,3,126,5,0,tests,0,0
6a16c3692d360ba242b16937b6180a8a0bf0ffbd,2026-08-13T08:55:41+05:00,2026-08-13T08:55:41+05:00,0,1,10,5,0,app,0,0
8f9e850364fbf4afe2ebad9e5addf65e6979c7ee,2026-08-13T12:03:01+05:00,2026-08-13T12:03:01+05:00,0,11,241,6,0,tests,0,0
7f6c107f2b6ab43082f888d70ccc61f8e8898aed,2026-08-13T13:37:43+05:00,2026-08-13T13:37:43+05:00,0,9,1526,25,0,tests,0,0
6294bf5e69219a2cfb3e6dccc10c71ba70f96418,2026-08-13T14:39:57+05:00,2026-08-13T14:39:57+05:00,0,1,39,2,0,build,0,0
c5ab2a1cc8cb2322c9d297bc239da390d259523d,2026-08-13T15:53:10+05:00,2026-08-13T15:53:10+05:00,0,3,185,2,0,tests,0,0
b4396ea4b20d5b45a61b4590d579ea81adadccd9,2026-08-13T16:14:42+05:00,2026-08-13T16:14:42+05:00,0,1,29,2,0,build,0,0
721a69895ecfafd5c07f1930b00f45ce29ec4bd4,2026-08-13T16:30:42+05:00,2026-08-13T16:30:42+05:00,0,2,61,1,0,app,0,0
469573c38a32b54344b3628fdd88dd4533f79f0f,2026-08-13T16:40:13+05:00,2026-08-13T16:40:13+05:00,0,1,25,2,0,build,0,0
4962bf4ea2a8aace583b00e2fdd5dd741b69d88e,2026-08-14T10:33:41+05:00,2026-08-14T10:33:41+05:00,0,11,362,73,0,app,0,0
f8c91eb0071a24e4ca3aec17c8b84816032414b7,2026-08-14T10:34:02+05:00,2026-08-14T10:34:02+05:00,0,4,346,2,0,tests,0,0
87b44332e9616cda5d1acdef5fa731bbcfcdb8e1,2026-08-14T11:00:51+05:00,2026-08-14T11:00:51+05:00,0,10,246,18,0,app,0,0
6d3d85d50424b408d59a5868e2fc878ecdaa272d,2026-08-14T12:22:22+05:00,2026-08-14T12:22:22+05:00,0,1,56,2,0,build,0,0
b8461fa3d29e37b180c9b0026d0d364ba42be0ef,2026-08-14T12:53:00+05:00,2026-08-14T12:53:00+05:00,0,4,298,34,0,tests,0,0
45b97f267b0e44cefa34c35cbf2c993331345db1,2026-08-14T12:58:05+05:00,2026-08-14T12:58:05+05:00,0,2,454,0,0,app,0,0
3562c1661f69e3f553a3e9e1cf70f9440de58f23,2026-08-14T13:05:21+05:00,2026-08-14T13:05:21+05:00,0,2,458,0,0,app,0,0
d4c24718d86cbae73106a74f43ea16ba55abaebf,2026-08-14T13:53:27+05:00,2026-08-14T13:53:27+05:00,0,4,276,3,0,tests,0,0
0580a4c7212c99c120ee7891e7c9b75ba16f244c,2026-08-14T14:25:06+05:00,2026-08-14T14:25:06+05:00,0,7,1009,23,0,app,0,0
340dcd72fd012cab854ab1a21e00e7980065756d,2026-08-14T14:42:53+05:00,2026-08-14T14:42:53+05:00,0,4,185,4,0,app,0,0
7d48cda2c0a93a4fc2f81f828f114bee3d101cc5,2026-08-14T14:57:48+05:00,2026-08-14T14:57:48+05:00,0,6,417,40,0,tests,0,0
56f293b57617eec89dcc235433307a7892f4fd97,2026-08-14T15:35:29+05:00,2026-08-14T15:35:29+05:00,0,5,239,22,0,app,0,0
2a54a7b36069be67951758ca616e723e38feba22,2026-08-14T15:50:24+05:00,2026-08-14T15:50:24+05:00,0,4,258,4,0,tests,0,0
2feef2d688e3f1f10d70e9518e88f65305377440,2026-08-15T08:23:11+05:00,2026-08-15T08:23:11+05:00,0,4,163,19,0,app,0,0
f03f6cdd16a8c466127af947c581f60bc0e5b78f,2026-08-15T08:31:04+05:00,2026-08-15T08:31:04+05:00,0,4,129,8,0,tests,0,0
d13907d2496376b8f27f82c71dc822cc69bbab29,2026-08-15T08:37:58+05:00,2026-08-15T08:37:58+05:00,0,2,132,25,0,tests,0,0
5179b634540eae8b8edee7ccb146a0138befd91e,2026-08-15T08:51:58+05:00,2026-08-15T08:51:58+05:00,0,5,416,19,0,app,0,0
e3adcd5a51ee6613d2578d2b76034e99fd610db8,2026-08-15T10:24:33+05:00,2026-08-15T10:24:33+05:00,0,2,49,26,0,tests,0,0
89a67b4d4727fad114a76098112ccff8a532d333,2026-08-15T12:01:53+05:00,2026-08-15T12:01:53+05:00,0,4,261,16,0,tests,0,0
c86528f07eb943b452e3d4c3860da104fad026d5,2026-08-15T12:25:45+05:00,2026-08-15T12:25:45+05:00,0,1,53,2,0,build,0,0
cfc9f6748807f43131cbf96a5e183aec4c33b38a,2026-08-15T12:33:37+05:00,2026-08-15T12:33:37+05:00,0,1,19,6,0,build,0,0
c94bd0139228f5db594f4d8a52a35f6ec4b9d3c1,2026-08-15T13:07:21+05:00,2026-08-15T13:07:21+05:00,0,6,184,4,0,tests,0,0
78d5a2a308b4b35fc5ad5b53dff5661797a5624c,2026-08-15T14:03:20+05:00,2026-08-15T14:03:20+05:00,0,3,329,58,0,app,0,0
b8bdefd69a4fa716e0716e6b14d9454f941978dc,2026-08-15T14:20:34+05:00,2026-08-15T14:20:34+05:00,0,4,208,19,0,app,0,0
de05eaf2d2caf53507eb1a75b9a2ae0be5352bef,2026-08-15T22:47:08+05:00,2026-08-15T22:47:08+05:00,0,1,20,8,0,build,0,0
8f0e3f7a9c4b48a591f2fc5e62efb8d9f546eb81,2026-08-16T09:00:54+05:00,2026-08-16T09:00:54+05:00,0,20,728,42,0,app,0,0
5f0e55e19062d29b4d6f22307e46d70210863fa4,2026-08-16T09:07:08+05:00,2026-08-16T09:07:08+05:00,0,6,208,3,0,tests,0,0
87db382c363cd86d388205cceb2b9dd13b1d2138,2026-08-16T09:12:23+05:00,2026-08-16T09:12:23+05:00,0,2,27,2,0,app,0,0
f27d2f62bd8297a428f95ab027a6e8cf0927eb3c,2026-08-16T09:34:07+05:00,2026-08-16T09:34:07+05:00,0,3,223,6,0,tests,0,0
5724d5c26f0b223492c109e05095f3e8e6f0ea74,2026-08-16T10:28:29+05:00,2026-08-16T10:28:29+05:00,0,3,91,2,0,app,0,0
52b947a1748a72fb9e93d0eee9160c150482b9c1,2026-08-16T11:26:23+05:00,2026-08-16T11:26:23+05:00,0,3,113,23,0,tests,0,0
9da43a58f0f1255e0fba44e8cc8fae6edb7fdc86,2026-08-16T11:32:04+05:00,2026-08-16T11:32:04+05:00,0,3,116,12,0,tests,0,0
95b0b19e69636d5c5c7f166d0fd5c8bda68e63ca,2026-08-16T12:56:14+05:00,2026-08-16T12:56:14+05:00,0,2,199,4,0,tests,0,0
4fe40be72a26955b5daac2c28a63ba85e736da86,2026-08-16T13:19:47+05:00,2026-08-16T13:19:47+05:00,0,5,121,49,0,app,0,0
7f3787b59e06bfcac1b7518c54dfd095327c337b,2026-08-16T13:41:07+05:00,2026-08-16T13:41:07+05:00,0,4,60,10,0,tests,0,0
f011751d3a8d42bdea2fd741428d7337d8ef3a1e,2026-08-16T22:20:18+05:00,2026-08-16T22:20:18+05:00,0,6,83,249,0,tests,0,0
746c0d931e9dcc6490bbf80f885cbe0d109612eb,2026-08-16T22:23:27+05:00,2026-08-16T22:23:27+05:00,0,2,131,7,0,tests,0,0
2adc4a49c3b4e4456ed0f9459c3c56f0eda36692,2026-08-16T22:54:29+05:00,2026-08-16T22:54:29+05:00,0,6,92,3,0,app,0,0
4f97d5c06131e7a64cd9c12de72fb73d11d5ad03,2026-08-17T09:50:44+05:00,2026-08-17T09:50:44+05:00,0,1,40,1,0,app,0,0
31ed9e03819b9534bc52a52340df4f464542d5c4,2026-08-17T12:29:25+05:00,2026-08-17T12:29:25+05:00,0,1,47,2,0,build,0,0
ed522c414273ea38cfed397fc77100047ce76f10,2026-08-19T23:06:09+05:00,2026-08-19T23:06:09+05:00,0,51,3301,286,0,app,0,0
3c0b1c264298d7c36b3f88f8f13b8ed77c701aff,2026-08-20T08:53:48+05:00,2026-08-20T08:53:48+05:00,0,9,454,114,0,tests,0,0
a9dd2981231755e44f1a332367c5f7f4a4aa86a2,2026-08-20T08:58:06+05:00,2026-08-20T08:58:06+05:00,0,5,130,5,0,tests,0,0
86800f3febe8c797bc641b6d5e2c13325378dafe,2026-08-20T09:12:21+05:00,2026-08-20T09:12:21+05:00,0,2,99,4,0,tests,0,0
7196fbd1d056a48d558051cf6876942eed3536e4,2026-08-20T09:23:02+05:00,2026-08-20T09:23:02+05:00,0,2,145,6,0,tests,0,0
48a5cf169923d15248eb77e3140cfc986f27e14b,2026-08-20T09:32:19+05:00,2026-08-20T09:32:19+05:00,0,1,123,0,0,tests,0,0
4e9980d8b81b46eb27ec09a3966a2ee52b8b9929,2026-08-20T09:41:07+05:00,2026-08-20T09:41:19+05:00,0,1,37,0,0,tests,0,0
890f9f593a9386470846186915fac52d1f39d562,2026-08-20T10:54:02+05:00,2026-08-20T10:54:02+05:00,0,1,55,2,0,build,0,0
1eaad6130fad5a375956e917a9e2beb71b0ec2e7,2026-08-20T11:03:46+05:00,2026-08-20T11:03:46+05:00,0,5,245,19,0,tests,0,0
98e7ddabbdbf2a345609ee0b2c61b60a642aaf63,2026-08-20T11:12:49+05:00,2026-08-20T11:12:49+05:00,0,4,88,39,0,tests,0,0
fd9c2eb33592c6531b243ff17d5d93b7b86fc225,2026-08-20T11:21:58+05:00,2026-08-20T11:21:58+05:00,0,1,13,2,0,build,0,0
710f3ed86af9c0b4c02fe531ab3775edbb2309a6,2026-08-20T11:42:12+05:00,2026-08-20T11:42:12+05:00,0,3,217,3,0,app,0,0
cdd84450d9c13e8b4fddaa75aabed73dc6c9b6ba,2026-08-20T11:45:44+05:00,2026-08-20T11:45:44+05:00,0,2,27,12,0,app,0,0
c43f3a431764bb180027b633c17a2891870993f3,2026-08-20T12:05:59+05:00,2026-08-20T12:05:59+05:00,0,6,261,8,0,app,0,0
9b001435e08ef992569dda7029f15230af09fcfa,2026-08-20T12:24:53+05:00,2026-08-20T12:24:53+05:00,0,4,262,59,0,app,0,0
0ac2bf008e51c7d47079a7308e3c5a9f7b231da1,2026-08-20T12:29:10+05:00,2026-08-20T12:29:10+05:00,0,3,115,1,0,app,0,0
8ffa5962756cc173da483c4dfe02514fe90a6300,2026-08-20T13:19:34+05:00,2026-08-20T13:19:34+05:00,0,2,130,6,0,tests,0,0
a358d794995c914768174f9237f39a67903711a7,2026-08-20T13:31:44+05:00,2026-08-20T13:31:44+05:00,0,4,311,0,0,app,0,0
8f4e8e6643e19dfa1f0c5114b35dc97b1e62177b,2026-08-20T13:33:46+05:00,2026-08-20T13:33:46+05:00,0,1,20,1,0,app,0,0
59fd10c10e85697c20c424af8883b6864fd8a392,2026-08-20T13:41:24+05:00,2026-08-20T13:41:24+05:00,0,2,104,6,0,tests,0,0
f68909cc1a4555192fd15348f1b8502e1d774639,2026-08-20T14:28:09+05:00,2026-08-20T14:28:09+05:00,0,4,174,13,0,tests,0,0
365c4f240bc48034df3f50f0088cee532b4fddc0,2026-08-20T15:07:57+05:00,2026-08-20T15:07:57+05:00,0,3,160,3,0,tests,0,0
e8e18234ea3693d0166453ec492a9c8206431b90,2026-08-20T16:22:35+05:00,2026-08-20T16:24:37+05:00,0,3,181,8,0,tests,0,0
37538639eff0d3a754399ddf7bc9d641ba47a564,2026-08-20T22:16:52+05:00,2026-08-20T22:16:52+05:00,0,15,1506,70,0,app,0,0
80322727a5fad377a1dcfad1e64389963d3d4709,2026-08-21T09:55:08+05:00,2026-08-21T09:55:08+05:00,0,21,1931,396,0,app,0,0
9c334dd6782cd73d7f052b12e286e57362218041,2026-08-21T13:40:56+05:00,2026-08-21T13:40:56+05:00,0,34,3945,202,0,tests,0,0
26cad0d47f1b74a60e9a9a386824021efc57cb96,2026-08-21T17:18:17+05:00,2026-08-21T17:18:17+05:00,0,41,6987,202,0,tests,0,0
e374e014f72c6ce61ab548dc5003b1a1b6cb5e2a,2026-08-21T17:19:55+05:00,2026-08-21T17:19:55+05:00,0,1,72,0,0,docs,0,0
72cdaa441e337e0ef5a7ff076152a2303d3dc503,2026-08-21T19:04:22+05:00,2026-08-21T19:04:22+05:00,0,17,793,308,0,app,0,0
35a2c2f05449e6d2a6149286eb2b779f9201d96e,2026-08-21T23:39:05+05:00,2026-08-21T23:39:05+05:00,0,12,1216,141,0,app,0,0
e144000711a3eb3e77c4a913eef6ad1f0d393548,2026-08-21T23:39:27+05:00,2026-08-21T23:39:27+05:00,0,1,39,0,0,docs,0,0
80c69f652ee4236080d926e092de8680e8e39acc,2026-08-22T00:36:32+05:00,2026-08-22T00:36:32+05:00,0,20,981,1169,0,app,0,0
beb62d99ea5a8fd47969312ab5b63a011aede7fc,2026-08-22T01:17:19+05:00,2026-08-22T01:17:19+05:00,0,6,780,14,0,tests,0,0
e8a159de23b1f00638d35f56dfb87b1e142cc85e,2026-08-22T09:01:22+05:00,2026-08-22T09:01:22+05:00,0,7,428,2,0,tests,0,0
0bebc9fbd5501ddffc373e5c134e83e72e9c2eb1,2026-08-22T09:39:58+05:00,2026-08-22T09:39:58+05:00,0,7,454,23,0,app,0,0
1ee541b6bc019a34ec4652d4bb60f325907b2751,2026-08-22T11:02:54+05:00,2026-08-22T11:02:54+05:00,0,12,1741,30,0,tests,0,0
e3831cfa7a6b66b94603ab1bc00c864cd39b294e,2026-08-22T11:06:05+05:00,2026-08-22T11:06:05+05:00,0,1,51,2,0,build,0,0
714ad6ab8e6ba665d0ecbfae2288dc87157a7f2d,2026-08-22T11:40:44+05:00,2026-08-22T11:40:44+05:00,0,2,69,27,0,tests,0,0
a07277901a59f6ec34669c08382a1c22610045bd,2026-08-22T12:24:04+05:00,2026-08-22T12:24:04+05:00,0,8,926,138,0,tests,0,0
6b92175b51599bfeb650a93b2d387b3b47f13c94,2026-08-22T13:01:19+05:00,2026-08-22T13:01:19+05:00,0,5,589,3,0,tests,0,0
33558ea501229cd1728f01a5b8e8d45a7729d9ca,2026-08-22T13:25:08+05:00,2026-08-22T13:25:08+05:00,0,2,63,8,0,tests,0,0
bd6fefb3904a08c4d789c4b45809da632ba3a213,2026-08-22T16:06:55+05:00,2026-08-22T16:06:55+05:00,0,12,1687,163,0,tests,0,0
d13ce8b79351cef15dbff278d47dd49cf0ad3abb,2026-08-22T16:18:32+05:00,2026-08-22T16:18:32+05:00,0,5,114,11,0,tests,0,0
7315e00fe7ea56eacd36524f13828d9f0c07e85e,2026-08-22T16:20:40+05:00,2026-08-22T16:20:40+05:00,0,1,27,1,0,docs,0,0
99289d283028cf5c31ce6a4808ecd8500db8bc55,2026-08-22T18:16:34+05:00,2026-08-22T18:16:34+05:00,0,2,118,1,0,tests,0,0
631571c8cba34e401d1365ba8bcf9b40805795ac,2026-08-22T18:16:34+05:00,2026-08-22T18:16:34+05:00,0,3,131,0,0,tests,0,0
50f4aeffeb6206419a208e3e1984f7063547f571,2026-08-22T18:18:59+05:00,2026-08-22T18:18:59+05:00,0,2,129,1,0,tests,0,0
db6d04e28ac3245acaafe6aaeec972712151831b,2026-08-22T18:23:05+05:00,2026-08-22T18:23:05+05:00,0,6,51,11,0,tests,0,0
233b253587f4e6f243e0286322e53fac8ce5db1a,2026-08-22T18:28:05+05:00,2026-08-22T18:28:05+05:00,0,6,170,28,0,tests,0,0
01e0e6a1486fbbe724795d207ef5d71e6b5d73c4,2026-08-22T18:34:35+05:00,2026-08-22T18:34:35+05:00,0,8,164,34,0,docs,0,0
f114be251bde3adc5f4d5fdba8f4c8f3bba7753a,2026-08-23T10:05:33+05:00,2026-08-23T10:05:33+05:00,0,1,42,22,0,docs,0,0
a69b5ede58c590275021427eb8d519baa3cea92f,2026-08-23T13:29:37+05:00,2026-08-23T13:29:37+05:00,0,1,12,2,0,docs,0,0
9e88c0459ecdf3989516528620f7e7033add6282,2026-08-23T14:50:54+05:00,2026-08-23T14:50:54+05:00,0,3,68,5,0,app,0,0
cf86078f0cf5ba38d0ae327fe669382571cc2b9c,2026-08-23T15:34:44+05:00,2026-08-23T15:34:44+05:00,0,3,72,2,0,tests,0,0
9f7b587271e446621b5a056f62ea7fbad62b8bfb,2026-08-23T15:44:35+05:00,2026-08-23T15:44:35+05:00,0,2,15,0,0,app,0,0
58a8bac2fc760ee9d2b4b34d55e1297a411ce861,2026-08-23T15:49:47+05:00,2026-08-23T15:49:47+05:00,0,2,136,0,0,tests,0,0
5df8ba8b67205d57462472981d23d8e2f4fe168e,2026-08-23T16:00:57+05:00,2026-08-23T16:00:57+05:00,0,4,107,15,0,tests,0,0
99f292ea5868c668d8d1c949fb7f95b0d2ff7232,2026-08-25T10:02:18+05:00,2026-08-25T10:02:18+05:00,0,6,156,5,0,tests,0,0
2802138f52a96429d4e5ee7d6b8608538c1ddb89,2026-08-25T10:05:06+05:00,2026-08-25T10:05:06+05:00,0,6,132,5,0,tests,0,0
0377ee1d0657ff43609c7f785b76f21322b4876f,2026-08-25T10:06:43+05:00,2026-08-25T10:06:43+05:00,0,1,26,0,0,app,0,0
d375c4718d6b67c1a5e29b6cc520b7f9495b14b0,2026-08-25T12:30:49+05:00,2026-08-25T12:30:49+05:00,0,5,102,7,0,tests,0,0
40ac9bd56514d7e58c6ccb9fbd9b3c6e18a05f2c,2026-08-25T12:44:26+05:00,2026-08-25T12:44:26+05:00,0,5,103,9,0,tests,0,0
aad347fec4c77776221f84d62e3bcb3b49974e9a,2026-08-25T12:46:13+05:00,2026-08-25T12:46:13+05:00,0,1,33,10,0,docs,0,0
5537523602eb42223b5071d0c14dbd35791761ab,2026-08-25T12:49:51+05:00,2026-08-25T12:49:51+05:00,0,1,67,0,0,docs,0,0
fbc10a1496db83ab5d0077bdb569753d6ba73126,2026-08-25T13:00:32+05:00,2026-08-25T13:00:32+05:00,0,2,111,1,0,tests,0,0
5664cf3fd1b2ed947304e814d798916ab82c9723,2026-08-25T13:12:46+05:00,2026-08-25T13:12:46+05:00,0,2,40,1,0,tests,0,0
0d6610e778fcadf1a2672cc50e6e342512cd2fb5,2026-08-25T13:19:50+05:00,2026-08-25T13:19:50+05:00,0,1,31,6,0,app,0,0
1cb87a96722d6aa740fb57c4b1e0de84fdeb1ca1,2026-08-25T13:47:52+05:00,2026-08-25T13:47:52+05:00,0,11,217,35,0,app,0,0
d63c4178a5a9fe63f11eb28ec2d4aeb2a6a35210,2026-08-25T13:56:28+05:00,2026-08-25T13:56:28+05:00,0,3,122,4,0,tests,0,0
6e312e6772dfd37969267326e9e8cf8d4e9de5c4,2026-08-25T14:13:40+05:00,2026-08-25T14:13:40+05:00,0,2,34,5,0,app,0,0
0a79dbc3c92ea603c4c37f44b68944b778e83221,2026-08-25T14:25:32+05:00,2026-08-25T14:25:32+05:00,0,1,13,0,0,tests,0,0
502f138e83e6cdc1e88b8731a3c0b9b227975cc0,2026-08-25T14:38:13+05:00,2026-08-25T14:38:13+05:00,0,1,2,2,0,build,0,0
33d056ca1796e15fd2ab355e179746e6b72b4636,2026-08-25T14:58:57+05:00,2026-08-25T14:58:57+05:00,0,2,47,14,0,tests,0,0
6518b8ecba9a6cc68ff434ee2e1557d1398a3329,2026-08-25T15:18:33+05:00,2026-08-25T15:18:33+05:00,0,4,129,7,0,tests,0,0
57d6bdd292dcd9147352f3a9107245b78f4fd740,2026-08-25T15:38:32+05:00,2026-08-25T15:38:32+05:00,0,2,125,1,0,tests,0,0
a327db4ba46e21953a1e5ff736c8e98989242044,2026-08-25T16:02:25+05:00,2026-08-25T16:02:25+05:00,0,4,88,4,0,tests,0,0
1e0be4baa0d32078378294b4cee75749facbd119,2026-08-25T16:57:43+05:00,2026-08-25T16:57:43+05:00,0,2,63,1,0,tests,0,0
e9b9119287910fd1ec8a040544fbbba889df9c12,2026-08-25T17:17:01+05:00,2026-08-25T17:17:01+05:00,0,2,131,1,0,tests,0,0
ab1d990d78e824cda11f21a6de68bfe5ac12aae7,2026-08-25T17:37:24+05:00,2026-08-25T17:37:24+05:00,0,4,225,47,0,tests,0,0
46d70337cd34440cf65ffcb758f72ec900237884,2026-08-25T17:43:37+05:00,2026-08-25T17:43:37+05:00,0,2,241,31,0,app,0,0
b9bf7bd991743d6d6439c286b6067c3bf5095535,2026-08-25T17:48:19+05:00,2026-08-25T17:48:19+05:00,0,4,45,7,0,tests,0,0
47e0de7247a81839873b4bdc4d1d0f287fd92cfc,2026-08-25T17:54:12+05:00,2026-08-25T17:54:12+05:00,0,2,96,0,0,tests,0,0
a75bded89f07a8f680f1bd03a6a2a031ca3cf97a,2026-08-25T17:57:27+05:00,2026-08-25T17:57:27+05:00,0,2,141,12,0,tests,0,0
713abd143717ec463dacccd2d1c07e40ea281406,2026-08-25T21:01:09+05:00,2026-08-25T21:01:09+05:00,0,2,164,6,0,tests,0,0
5cbc984e12a9bc9b65ef16d5c2bd2ee6ec15d1fd,2026-08-25T21:04:20+05:00,2026-08-25T21:04:20+05:00,0,2,93,1,0,tests,0,0
bbab37a74395e4b520555d7ce62b35b8b4be3bb0,2026-08-25T23:00:50+05:00,2026-08-25T23:00:50+05:00,0,2,182,9,0,tests,0,0
f06bae25a8a79e7ecf1545e8d39c91158921ae1d,2026-08-25T23:03:00+05:00,2026-08-25T23:03:00+05:00,0,2,114,2,0,tests,0,0
96b753c09d45d745643f9e14a26101e2820b6149,2026-08-25T23:06:24+05:00,2026-08-25T23:06:24+05:00,0,2,162,30,0,app,0,0
c1d237316c33952450a961b1fdda0c171a52084f,2026-08-25T23:43:34+05:00,2026-08-25T23:43:34+05:00,0,2,149,17,0,tests,0,0
5363bd7d64a48c85b651099773135eaf1307f09e,2026-08-26T00:13:08+05:00,2026-08-26T00:13:08+05:00,0,2,97,1,0,tests,0,0
b8f2ac2ce72198c63ac5d67f8b55025ba9868f4d,2026-08-26T00:14:24+05:00,2026-08-26T00:14:24+05:00,0,1,40,2,0,build,0,0
799e68c2a9cc86cba924c33aa9abd0a8e10eb5bb,2026-08-26T07:23:29+05:00,2026-08-26T07:23:29+05:00,0,1,12,4,0,app,0,0
f80b9945145ab12a5272cd24a639c91d8d4b1bea,2026-08-26T10:56:17+05:00,2026-08-26T10:56:17+05:00,0,3,168,2,0,tests,0,0
33710fdb82483dfb6143b662547859cbe7b85812,2026-08-26T11:02:15+05:00,2026-08-26T11:02:15+05:00,0,3,189,7,0,tests,0,0
11573f2d9d022737580d6a9b712cbf1b16c816de,2026-08-26T11:08:44+05:00,2026-08-26T11:08:44+05:00,0,3,128,46,0,app,0,0
786fb118b77447c769636ebae2e82750dcda7bf4,2026-08-26T11:15:39+05:00,2026-08-26T11:15:39+05:00,0,4,160,10,0,tests,0,0
d3b238e50e079a7b4f93f35da6b7e528fdbc7deb,2026-08-26T11:23:37+05:00,2026-08-26T11:23:37+05:00,0,1,20,3,0,build,0,0
db67a62b57035c1701e8dd2f01cafe846f19f08a,2026-08-26T11:26:28+05:00,2026-08-26T11:26:28+05:00,0,1,20,1,0,build,0,0
2a5f1299d92b2895b2dec651a0dd8eff53f50af8,2026-08-26T11:58:15+05:00,2026-08-26T11:58:15+05:00,0,1,26,3,0,build,0,0
7eedba9e992d1aec39b47786de345a734709fd6a,2026-08-26T14:18:40+05:00,2026-08-26T14:18:40+05:00,0,4,190,5,0,tests,0,0
6d868de0f76ff7598a89b7ceaa765bc98baf231a,2026-08-26T16:00:44+05:00,2026-08-26T16:00:44+05:00,0,3,159,1,0,tests,0,0
8b5de2ba732a13e4f1c495ffb0f83009afb3c5f8,2026-08-26T16:04:07+05:00,2026-08-26T16:04:07+05:00,0,2,31,2,0,app,0,0
0c4219cef64cae4febe8e4aa88c25a845584f956,2026-08-26T18:47:40+05:00,2026-08-26T18:47:40+05:00,0,3,81,68,0,tests,0,0
9c51c505c43669fa1c5a4d56c9fa3a2afde64ac4,2026-08-26T18:57:45+05:00,2026-08-26T18:57:45+05:00,0,1,129,0,0,tests,0,0
0652e135ab19596aab6cf825ddb4c4d480466f4c,2026-08-26T19:10:56+05:00,2026-08-26T19:10:56+05:00,0,1,26,0,0,app,0,0
0d360568deeeecde2b921ce12fada94307b08fa3,2026-08-26T19:26:56+05:00,2026-08-26T19:26:56+05:00,0,1,23,0,0,app,0,0
f9b7cb1110cb0ac97580a634dd5641e6bbb0768d,2026-08-26T20:04:57+05:00,2026-08-26T20:04:57+05:00,0,1,16,0,0,app,0,0
d66bc8c823b85f103c5feaab0645e5122b22edd3,2026-08-26T20:29:35+05:00,2026-08-26T20:29:35+05:00,0,2,101,0,0,tests,0,0
e7da423c3e511de9577ddbba6d5f91ddf0fd0127,2026-08-26T20:37:23+05:00,2026-08-26T20:37:23+05:00,0,2,121,1,0,tests,0,0
5f65b195f9a7bad44c6f7d594516af63a1b37341,2026-08-26T20:56:11+05:00,2026-08-26T20:56:11+05:00,0,1,121,0,0,tests,0,0
b41645c9d929d0feb5ed625a0f8d2dc36b330303,2026-08-26T21:25:11+05:00,2026-08-26T21:25:11+05:00,0,1,110,0,0,tests,0,0
2f2b6045c52f78afd3df07af9b0bc88cb819509b,2026-08-26T21:32:59+05:00,2026-08-26T21:32:59+05:00,0,1,21,2,0,tests,0,0
afad38612c59f8edee15eaa0d018dfa9ce9ea321,2026-08-26T21:41:17+05:00,2026-08-26T21:41:17+05:00,0,1,99,0,0,tests,0,0
26531c97822ca1881b8e6722a7475b0d61aa20fb,2026-08-26T21:49:14+05:00,2026-08-26T21:49:14+05:00,0,1,52,5,0,tests,0,0
cc57d83a829374e06e719e505adaf1af990f7e90,2026-08-26T21:57:07+05:00,2026-08-26T21:57:07+05:00,0,1,93,0,0,tests,0,0
44add82be6061c63165c4fdd2f44fe11c7ea6e1e,2026-08-27T03:15:46+05:00,2026-08-27T03:15:46+05:00,0,1,16,1,0,tests,0,0
75fd82c5cb08c1467117997654c0716b00d48b7d,2026-08-27T03:27:49+05:00,2026-08-27T03:27:49+05:00,0,2,91,0,0,tests,0,0
04d87825004b277d3669f1504b806a010df10791,2026-08-27T13:33:14+05:00,2026-08-27T13:33:14+05:00,0,7,318,312,0,tests,0,0
20bf8400f07190d124bb288686c9985fc8767e87,2026-08-27T13:53:04+05:00,2026-08-27T13:53:04+05:00,0,3,109,62,0,tests,0,0
de381585969843b2e126ee838f3d60e45fbbe8c5,2026-08-27T14:04:03+05:00,2026-08-27T14:04:03+05:00,0,4,179,0,0,tests,0,0
22bb06367d03754acf2d6587ae8253f5f77a586d,2026-08-27T14:05:30+05:00,2026-08-27T14:05:30+05:00,0,2,33,7,0,tests,0,0
903dabf03164c1e37348568da3cccbab0230a905,2026-08-27T14:11:55+05:00,2026-08-27T14:11:55+05:00,0,2,139,0,0,tests,0,0
19342c544b90300e216e00dec222506bf73a46fc,2026-08-27T14:16:24+05:00,2026-08-27T14:16:24+05:00,0,1,11,4,0,tests,0,0
e21a2b39380843a8acec7e5d5ee89e840a1a2732,2026-08-27T14:20:53+05:00,2026-08-27T14:20:53+05:00,0,2,136,5,0,tests,0,0
df823b4bd58caeb3cdc6cc178b6ddd21c14a6190,2026-08-27T14:25:51+05:00,2026-08-27T14:25:51+05:00,0,1,62,0,0,tests,0,0
75b7749b520ae16da157eb56431f728e039887ca,2026-08-27T14:34:16+05:00,2026-08-27T14:34:16+05:00,0,6,122,68,0,app,0,0
2ba3eae462684cf8b524f64f62ad235191a5957e,2026-08-27T14:41:17+05:00,2026-08-27T14:41:17+05:00,0,4,57,43,0,tests,0,0
f4479a6803416d4db04bb7f6040a945b678354d6,2026-08-27T15:22:40+05:00,2026-08-27T15:22:40+05:00,0,1,42,0,0,tests,0,0
90583e8c1cb830dca713fcfedd5c295f422f842e,2026-08-27T15:49:37+05:00,2026-08-27T15:49:37+05:00,0,1,23,0,0,tests,0,0
7917c63b4f939fdd790ced80d15d084ce54dde05,2026-08-27T15:56:17+05:00,2026-08-27T15:56:17+05:00,0,2,74,0,0,tests,0,0
d25fdc9150204680676a07a876cffb3409424914,2026-08-27T16:47:11+05:00,2026-08-27T16:47:11+05:00,0,2,55,1,0,tests,0,0
22b3c6ac537df6b5d32d7df89034fa8bffc0e1a6,2026-08-27T16:50:47+05:00,2026-08-27T16:50:47+05:00,0,1,51,0,0,tests,0,0
c100e52fa1312278f54867262ec7e42ce0afc6f3,2026-08-27T18:26:31+05:00,2026-08-27T18:26:31+05:00,0,3,95,3,0,tests,0,0
138b424dc1c5035f78f29d76a45a105d2bae756a,2026-08-27T18:38:11+05:00,2026-08-27T18:38:11+05:00,0,1,148,0,0,tests,0,0
b841cfa32b66c71bd0214cd4330d57a8b6836b87,2026-08-27T19:04:17+05:00,2026-08-27T19:04:17+05:00,0,1,13,0,0,tests,0,0
4929d2b0f0ab62d377ccabe28ddb306e250d2176,2026-08-27T19:11:05+05:00,2026-08-27T19:11:05+05:00,0,1,10,0,0,app,0,0
33a0e57c6f755047a2ca85756ccf2fed9a9e5702,2026-08-27T19:18:34+05:00,2026-08-27T19:18:34+05:00,0,1,13,0,0,tests,0,0
0a68ce140aba32bd3827a00d74ff30458b477b8a,2026-08-27T19:24:52+05:00,2026-08-27T19:24:52+05:00,0,1,15,1,0,app,0,0
b7416292242e6431851bfd2e1cec57083c967cb8,2026-08-27T19:39:37+05:00,2026-08-27T19:39:37+05:00,0,1,20,0,0,tests,0,0
ec5599902df4a00a3a8c5914b877e33a5e647123,2026-08-27T19:53:21+05:00,2026-08-27T19:53:21+05:00,0,2,27,4,0,tests,0,0
b71dd270c88e1edbcf280c41dbb335f55bd3a7fd,2026-08-27T20:01:42+05:00,2026-08-27T20:01:42+05:00,0,1,81,0,0,tests,0,0
658b2df4e32410bf4f0684e4e55dfaed13ece07c,2026-08-27T20:54:18+05:00,2026-08-27T20:54:18+05:00,0,14,182,15,0,tests,0,0
baa1d5c33c394f17aa5af128a0f3cf74a3ef6dca,2026-08-27T22:19:35+05:00,2026-08-27T22:19:35+05:00,0,10,0,16,0,app,0,0
6119f2e65d0181609b84975bdc14ca88f04a08ba,2026-08-27T22:43:06+05:00,2026-08-27T22:43:06+05:00,0,8,61,27,0,app,0,0
467980445d0b5a8f94fd8723ac9cab07ebf3bd92,2026-08-27T22:52:31+05:00,2026-08-27T22:52:31+05:00,0,3,120,3,0,tests,0,0
b902ad6cd2bb42b14ad1101a2ab44933cdcbb25d,2026-08-27T22:58:58+05:00,2026-08-27T22:58:58+05:00,0,1,113,0,0,tests,0,0
9884012bd2f7d25b7948696e945f506d74144d46,2026-08-27T23:09:22+05:00,2026-08-27T23:09:22+05:00,0,1,35,7,0,tests,0,0
21d54c65701342331f4a729906787fe3d13ebda1,2026-08-27T23:09:51+05:00,2026-08-27T23:09:51+05:00,0,1,2,1,0,tests,0,0
4c564809884cd16012fdb08c4a5fb346e3d6bab8,2026-08-27T23:19:57+05:00,2026-08-27T23:19:57+05:00,0,3,88,0,0,tests,0,0
365792e1ca3a8fff8b81d0840923a8987b724301,2026-08-27T23:27:28+05:00,2026-08-27T23:27:28+05:00,0,2,104,141,0,app,0,0
27bba782626c4d93af1d8d7c175c8c40a63ad501,2026-08-27T23:39:01+05:00,2026-08-27T23:39:01+05:00,0,7,7,46,0,app,0,0
0f00180c96463e6650978d0fa2471a5ef96fc8b4,2026-08-28T00:12:38+05:00,2026-08-28T00:12:38+05:00,0,1,35,2,0,build,0,0
16dae6202130b22ab25ccb7b8058f751d51c1409,2026-08-28T02:22:38+05:00,2026-08-28T02:22:38+05:00,0,5,103,45,0,app,0,0
6d9c46d19d63c4fbb021f7960abf360453323e09,2026-08-28T02:43:51+05:00,2026-08-28T02:43:51+05:00,0,6,74,34,0,tests,0,0
52b107602fa421bedd517ef716337440493334a4,2026-08-28T11:56:45+05:00,2026-08-28T11:56:45+05:00,0,3,221,11,0,tests,0,0
6f0f8e8e53ed1b3fd8feafcbecbaef759823226e,2026-08-28T16:26:41+05:00,2026-08-28T16:26:41+05:00,0,8,1343,12,0,app,0,0
d7026bb567ee6b0cec45b76dd979a5dc369b85b0,2026-08-28T16:50:04+05:00,2026-08-28T16:50:04+05:00,0,2,18,1,0,app,0,0
5f67bb70ab4e5a8c32365506f4c9913f67f10cbe,2026-08-28T17:20:03+05:00,2026-08-28T17:20:03+05:00,0,2,41,2,0,app,0,0
b08fe4d274606e0aabf5ab954bf717d0eb27883c,2026-08-28T17:47:35+05:00,2026-08-28T17:47:35+05:00,0,6,448,7,0,app,0,0
60767f9d7a676c0ed07e991a08aadc77aac60c93,2026-08-28T18:40:02+05:00,2026-08-28T18:40:02+05:00,0,2,98,37,0,app,0,0
108160d12324b10d9740af499d62ca8237942b08,2026-08-28T19:21:23+05:00,2026-08-28T19:21:23+05:00,0,6,102,19,0,app,0,0
2ccb3f9ca744e5871254ceeb7bec0a27faf418a0,2026-08-28T19:38:00+05:00,2026-08-28T19:38:00+05:00,0,1,19,3,0,app,0,0
142eebcab6050ccec35626242136a5a22f33fad3,2026-08-28T22:52:13+05:00,2026-08-28T22:52:13+05:00,0,5,433,434,0,app,0,0
4541c1aac108848a35eb62f5ee0496d9d3541c2f,2026-08-28T23:21:08+05:00,2026-08-28T23:21:08+05:00,0,5,406,133,0,app,0,0
0cf381f07aa154f69f8ba8f778896f6ca1332b56,2026-08-28T23:54:09+05:00,2026-08-28T23:54:09+05:00,0,10,441,16,0,app,0,0
aca8f0752f3fdb640f3461a358c98f2d7b7724f0,2026-08-29T00:23:59+05:00,2026-08-29T00:23:59+05:00,0,1,23,2,0,app,0,0
c2078937683edca434600f795665cdb8e777ad76,2026-08-29T00:44:54+05:00,2026-08-29T00:44:54+05:00,0,2,27,7,0,app,0,0
dd74a197a3770594ecb770d4273ac0152d80370c,2026-08-29T00:56:57+05:00,2026-08-29T00:56:57+05:00,0,1,55,0,0,app,0,0
565c5487eb18b477dbc9c516f58569fe0509d7a0,2026-08-29T01:32:21+05:00,2026-08-29T01:32:21+05:00,0,1,11,0,0,app,0,0
31d8541e6fc55a318e450d48d1525445a82978a3,2026-08-29T02:23:32+05:00,2026-08-29T02:23:32+05:00,0,2,95,4,0,app,0,0
a68f8f3953131b7fe49cb8200c5bd1ba2542e7b1,2026-08-29T02:42:32+05:00,2026-08-29T02:42:32+05:00,0,2,100,2,0,app,0,0
d1155a4fb339d8c1b8e3735369d01ac5d4cc2eb7,2026-08-29T02:52:24+05:00,2026-08-29T02:52:24+05:00,0,2,31,1,0,app,0,0
df6beea3217649dc711e523dfea16bbbbe775430,2026-08-29T02:58:52+05:00,2026-08-29T02:58:52+05:00,0,1,46,2,0,build,0,0
9014d89fd95aafee8455f40e8876dc2b34eeffdb,2026-08-29T18:04:16+05:00,2026-08-29T18:04:16+05:00,0,3,34,4,0,app,0,0
0618903b5048668c051bdad8f2e14e2060b8a1e9,2026-08-29T18:10:18+05:00,2026-08-29T18:10:18+05:00,0,1,15,1,0,tests,0,0
cf306ff03179c29fd11d1416cc24f828190fed8d,2026-08-29T19:03:07+05:00,2026-08-29T19:03:07+05:00,0,1,32,16,0,tests,0,0
bd7549651fe6deae3790281b95a2efcfddc7c6dd,2026-08-29T19:25:52+05:00,2026-08-29T19:25:52+05:00,0,7,268,284,0,tests,0,0
c1a291d27b97a1933379106ddb1a383997369ddf,2026-08-29T23:08:23+05:00,2026-08-29T23:08:23+05:00,0,1,26,0,0,tests,0,0
fdbd208dafc404bbce73697fb06a2b9c9cf39191,2026-08-29T23:12:59+05:00,2026-08-29T23:12:59+05:00,0,2,49,5,0,tests,0,0
a53e1290b1713ded50b78d5df139497159ded543,2026-08-29T23:16:11+05:00,2026-08-29T23:16:11+05:00,0,2,17,0,0,app,0,0
da8ff24bf0f4300fe8667fb5c8c08593e13fd927,2026-08-30T09:06:15+05:00,2026-08-30T09:06:15+05:00,0,2,33,1,0,tests,0,0
ec914009e83364d481a19aab04a29c679ee18a96,2026-08-30T09:30:05+05:00,2026-08-30T09:30:05+05:00,0,6,194,6,0,app,0,0
3633ed7d93edc70600aee8e6b5c4b573509389af,2026-08-30T09:35:16+05:00,2026-08-30T09:35:16+05:00,0,5,289,2,0,app,0,0
3e8113c54228c56fde44b263ad086827b9018d29,2026-08-30T09:39:51+05:00,2026-08-30T09:39:51+05:00,0,7,267,3,0,app,0,0
2d3251b4f8ca0550c301511f527d67853a8be52c,2026-08-30T09:46:26+05:00,2026-08-30T09:46:26+05:00,0,5,141,3,0,tests,0,0
70b0140b95a5619921c36aeeebbf2016f01ae7c7,2026-08-30T10:18:46+05:00,2026-08-30T10:18:46+05:00,0,9,188,10,0,app,0,0
a7b84b3a4e11516bb8eb7c5e721c1d2e22712996,2026-08-30T10:21:49+05:00,2026-08-30T10:21:49+05:00,0,5,133,4,0,tests,0,0
480cd396316059ad79b07d1f979473f13bf72e8a,2026-08-30T10:22:54+05:00,2026-08-30T10:23:00+05:00,0,1,15,10,0,app,0,0
d2e8f7ea2bcb5ed26383bff83f6f298f87d595ab,2026-08-30T10:31:48+05:00,2026-08-30T10:31:48+05:00,0,1,145,0,0,tests,0,0
22faa070c4e8555a6330243def70514f5d7bbd38,2026-08-30T12:35:39+05:00,2026-08-30T12:35:39+05:00,0,2,112,4,0,tests,0,0
ad64ec0d79abdd47e58390de0bddd4ee88c5a161,2026-08-30T14:16:04+05:00,2026-08-30T14:16:04+05:00,0,1,69,2,0,build,0,0
0f32364d8a33f6ddfee4741b11601d106f38329c,2026-08-30T15:05:47+05:00,2026-08-30T15:05:47+05:00,0,4,213,5,0,tests,0,0
4c7d9881a6d204ab7bb8ee1e125142a3e6952891,2026-08-30T15:56:55+05:00,2026-08-30T15:56:55+05:00,0,6,162,6,0,tests,0,0
b9bf69f3b262a5ac1d652fc1b2046f37f2a7de43,2026-08-30T18:59:16+05:00,2026-08-30T18:59:16+05:00,0,2,116,6,0,tests,0,0
9c49e735b89026afa2a6f9380b1a7933c1f43945,2026-08-30T19:21:44+05:00,2026-08-30T19:21:44+05:00,0,4,83,76,0,tests,0,0
9828da34f37272256810650e8f7dc61062190de7,2026-08-30T19:35:13+05:00,2026-08-30T19:35:33+05:00,0,1,24,4,0,build,0,0
bdd411d23d6fabfeccaf1c1eaaa064604b618314,2026-08-30T21:19:12+05:00,2026-08-30T21:19:12+05:00,0,6,155,6,0,tests,0,0
b197da0c8fde57bef1d073318bad760df9701ceb,2026-08-30T21:31:29+05:00,2026-08-30T21:31:29+05:00,0,2,42,0,0,app,0,0
9dee145a2d6a6ef664fd81bf2b24e699113a6ae1,2026-09-01T11:41:10+05:00,2026-09-01T11:41:10+05:00,0,9,376,10,0,tests,0,0
f1d600031114e973d6c56c58ec3b5b47ea74e377,2026-09-01T12:07:32+05:00,2026-09-01T12:07:32+05:00,0,4,126,7,0,tests,0,0
2f94ceb494c9434f28f3b717a3be4e3221638192,2026-09-01T12:32:06+05:00,2026-09-01T12:32:06+05:00,0,1,11,2,0,build,0,0
1582ee54c8c332f546e7f872d2c51d66be921790,2026-09-01T12:47:18+05:00,2026-09-01T12:47:18+05:00,0,3,196,0,0,backend,0,0
df06c661e81b915e97637f9906bd6eee336fe072,2026-09-01T12:53:13+05:00,2026-09-01T12:53:13+05:00,0,2,45,9,0,backend,0,0
f90cb76f0095e81d91a4880fe3867758c0d97ab4,2026-09-01T13:03:25+05:00,2026-09-01T13:03:25+05:00,0,1,23,0,0,backend,0,0
cc5b3059c2555f252a7cfa17ca5f5acdedfe27f8,2026-09-01T15:17:51+05:00,2026-09-01T15:17:51+05:00,0,6,528,29,0,app,1,8
1945da2f3802d454917053d98201f3d078c6ae6c,2026-09-01T15:23:18+05:00,2026-09-01T15:23:18+05:00,0,7,166,24,0,tests,0,0
ffb74bdbe7fffef9da0a39a9f9fe4e545d7391c3,2026-09-01T15:28:52+05:00,2026-09-01T15:28:52+05:00,0,1,51,2,0,build,0,0
5fd8fb2c2f8b521af5b2c7c9fad5643345d42c11,2026-09-01T17:32:44+05:00,2026-09-01T17:32:44+05:00,0,3,132,2,0,tests,0,0
73a3de41772cbc5615e9467d6836a68e88f1dace,2026-09-01T17:41:16+05:00,2026-09-01T17:41:16+05:00,0,3,148,0,0,tests,0,0
3333b2b6862b3364d7b47e299347821ab3be534a,2026-09-01T17:52:40+05:00,2026-09-01T17:52:40+05:00,0,4,160,3,0,tests,0,0
d26cd4773e4c71e63293a2999ee72286e7001e5d,2026-09-01T17:58:33+05:00,2026-09-01T17:58:33+05:00,0,3,119,1,0,tests,0,0
bd674d495bbf74669b534ea84a12c2ef4ae011c5,2026-09-01T18:08:19+05:00,2026-09-01T18:08:19+05:00,0,5,211,6,0,tests,0,0
0812d9fcab0ebea10abf1e833ac08c454bee53fe,2026-09-01T18:12:45+05:00,2026-09-01T18:12:45+05:00,0,4,67,124,0,tests,0,0
d280297d8dede6fd166dc8cafa9135b037512850,2026-09-01T18:20:16+05:00,2026-09-01T18:20:16+05:00,0,5,95,4,0,tests,0,0
b0342f182abb509687c8b0dceaf07f743820c4a1,2026-09-01T18:31:47+05:00,2026-09-01T18:31:47+05:00,0,3,150,1,0,tests,0,0
77056adf7672bc8b2a7980e6eb8c0f75af08a78b,2026-09-01T18:40:42+05:00,2026-09-01T18:41:02+05:00,0,3,83,1,0,app,0,0
eaed6a495a7b60580245608c0cbcbb6e5a4cd91f,2026-09-01T19:01:36+05:00,2026-09-01T19:01:36+05:00,0,4,121,2,0,tests,0,0
b50f583f981df27d55756414ad7d2d135b60203c,2026-09-01T19:10:11+05:00,2026-09-01T19:10:11+05:00,0,3,142,1,0,tests,0,0
0fecb6db309959fe973cfeed35d1271ee38d6a0f,2026-09-01T19:17:35+05:00,2026-09-01T19:18:12+05:00,0,3,166,1,0,tests,0,0
4ffd3e23ed95d1d7cfcffd95d762ca846096c28a,2026-09-01T19:29:56+05:00,2026-09-01T19:29:56+05:00,0,1,25,0,0,app,0,0
52eb6bfc4f34d7753d948be969aa3b76c31c8433,2026-09-01T19:36:52+05:00,2026-09-01T19:36:52+05:00,0,1,28,2,0,tests,0,0
e61bfc5d6849630b1e49a2d881e0326fb1bc56c3,2026-09-01T19:41:38+05:00,2026-09-01T19:41:38+05:00,0,1,11,0,0,build,0,0
5eaa1d4ef98b1a821117fd2b7b353be468953410,2026-09-01T19:54:52+05:00,2026-09-01T19:54:52+05:00,0,2,99,2,0,tests,0,0
fb3ebd0df0abfef587e209db950b65518563571f,2026-09-01T20:25:13+05:00,2026-09-01T20:25:46+05:00,0,5,259,16,0,tests,0,0
38103433dd22484ae63dbfd0edb4b2664ba58b26,2026-09-01T21:00:34+05:00,2026-09-01T21:00:34+05:00,0,4,23,325,0,app,0,0
235f582ab996d5a87b72b7a72c664837a82b7ace,2026-09-01T22:08:53+05:00,2026-09-01T22:08:53+05:00,0,2,37,3,0,tests,0,0
0849444f781740a90169b7542a7318a34e9654e7,2026-09-01T22:48:27+05:00,2026-09-01T22:48:27+05:00,0,2,145,88,0,app,0,0
70054f734855d48eb4186673daeac4e9a27c404b,2026-09-01T23:55:34+05:00,2026-09-01T23:55:34+05:00,0,7,565,39,0,tests,0,0
f9acb83e1458e2213672b95139261e6245a9666d,2026-09-02T00:13:17+05:00,2026-09-02T00:13:17+05:00,0,5,273,151,0,app,0,0
25162471c64b57ded62e5a9e00085db70f661184,2026-09-02T00:38:23+05:00,2026-09-02T00:38:23+05:00,0,3,80,71,0,app,0,0
643153199552eca592d8bea61f28887001b767ee,2026-09-02T00:52:16+05:00,2026-09-02T00:52:16+05:00,0,2,42,5,0,app,0,0
e3500719092ab08ecdd149715e6118c7191fb0a3,2026-09-02T00:58:31+05:00,2026-09-02T00:58:31+05:00,0,1,18,5,0,app,0,0
48c88cea33452fdc2279695745ed62dd6b828eb2,2026-09-02T01:05:48+05:00,2026-09-02T01:05:48+05:00,0,3,69,41,0,app,0,0
23d38478de0ea2fdc9f437c7396a70d4420fa16a,2026-09-02T01:48:13+05:00,2026-09-02T01:48:13+05:00,0,1,41,0,0,tests,0,0
09ae6d1be35bbf53d3012e50790b25ff5fb2dc9b,2026-09-02T02:10:34+05:00,2026-09-02T02:10:34+05:00,0,7,223,9,0,tests,0,0
43fae551f52ba0d97f4ae4bd12bf17efa7eb512d,2026-09-02T02:26:13+05:00,2026-09-02T02:26:13+05:00,0,4,114,9,0,tests,0,0
2c356b2372b4608c22871c80a51ddf25da0acdf2,2026-09-02T02:46:51+05:00,2026-09-02T02:46:51+05:00,0,2,128,3,0,tests,0,0
4c25167a47ba44b2f719273eec6e3605452b9d0f,2026-09-02T02:48:47+05:00,2026-09-02T02:48:47+05:00,0,1,36,2,0,build,0,0
9f307e577e1cbb1bb41d581a1cf60b19ac15c744,2026-09-02T03:00:20+05:00,2026-09-02T03:00:20+05:00,0,3,108,4,0,tests,0,0
7867e218514b8ecefe6728c306f52fe990072478,2026-09-02T03:02:36+05:00,2026-09-02T03:02:36+05:00,0,3,4,108,0,tests,0,0
e82bfc64d484104fa6cb71da6178203a7c40d539,2026-09-02T03:06:01+05:00,2026-09-02T03:06:01+05:00,0,1,16,4,0,build,0,0
ab559aee044822448d510958f433f69b7415483d,2026-09-02T03:17:20+05:00,2026-09-02T03:17:20+05:00,0,5,8523,4,0,tests,0,0
2a103cbf9e2d1fd3562ba8802ed06b427041c0e2,2026-09-02T04:41:38+05:00,2026-09-02T04:41:38+05:00,0,4,245,9,0,tests,0,0
dc9edd90863d4061d600704331605e42d4325934,2026-09-02T04:46:11+05:00,2026-09-02T04:46:11+05:00,0,6,101,27,0,build,0,0
b7005f3a44e0077a1a557e3825877135eb25376f,2026-09-02T05:05:48+05:00,2026-09-02T05:05:48+05:00,0,2,51,2,0,seeker,1,45
27de57433b54dc0edec67c3399e8822c75996d78,2026-09-02T12:48:39+05:00,2026-09-02T12:48:39+05:00,0,3,176,7,0,tests,0,0
d4ec5ec44c990766131035900f73ba69223789c7,2026-09-02T21:19:09+05:00,2026-09-02T21:19:09+05:00,0,4,2966,1,0,tests,0,0
86024cd55ac398daff4c6940316033143cdf3bac,2026-09-02T21:27:44+05:00,2026-09-02T21:27:44+05:00,0,1,31,7,0,app,0,0
893ddcef4d8bcb785d8955a55a79d182f9f99da7,2026-09-02T22:17:38+05:00,2026-09-02T22:18:25+05:00,0,4,6466,2944,0,tests,0,0
c6e2dd60da5a4f9f2aca9f9fecfe2a64aaf5c9be,2026-09-03T20:27:19+05:00,2026-09-03T20:27:19+05:00,0,5,462,31,0,tests,0,0
0919e33ec19ee98a0deb9e617de961211ac61c0d,2026-09-03T20:29:42+05:00,2026-09-03T20:29:42+05:00,0,2,36,23,0,backend,0,0
794e39f452bd15e2b55dd4c27024e5313fe76baf,2026-09-04T08:42:19+05:00,2026-09-04T08:42:19+05:00,0,8,494,4,0,tests,0,0
0b4720ae9ae25bdf925814c66bb916f5fb9852fe,2026-09-04T09:07:15+05:00,2026-09-04T09:07:15+05:00,0,3,310,0,0,app,0,0
d4bd85170d8fd0f02928db9539bf98fb5ac1da82,2026-09-04T10:16:37+05:00,2026-09-04T10:16:37+05:00,0,6,474,1,0,app,0,0
59e518ad823d372df83463ea3c921c948398e2a0,2026-09-04T10:32:45+05:00,2026-09-04T10:32:45+05:00,0,51,715,428,0,app,0,0
543c2a38c2496b5c8cec0bac9e9496d93e295c5d,2026-09-04T10:38:09+05:00,2026-09-04T10:38:09+05:00,0,3,333,0,0,app,0,0
d253699655567e2b8563adb500621fa22cea9f1d,2026-09-04T10:41:00+05:00,2026-09-04T10:41:00+05:00,0,1,251,0,0,app,0,0
81bdfedce03cbcec696a3fc23488c45eee8cb555,2026-09-04T10:43:21+05:00,2026-09-04T10:43:21+05:00,0,1,251,0,0,app,0,0
69aac0e014650893f1309b5f7c9197f176072602,2026-09-04T10:46:23+05:00,2026-09-04T10:46:23+05:00,0,1,251,0,0,app,0,0
3c03fb5fe89ff95294993a1a956d04e6d1be970d,2026-09-04T10:48:42+05:00,2026-09-04T10:48:42+05:00,0,1,251,0,0,app,0,0
e279b3d688e408ea92df722fc221a18bfcf71943,2026-09-04T10:51:24+05:00,2026-09-04T10:51:24+05:00,0,1,250,0,0,app,0,0
e96a43c8db62fef95e179668a3927b93a6ea8a2b,2026-09-04T10:54:10+05:00,2026-09-04T10:54:10+05:00,0,1,253,0,0,app,0,0
ab96215db4d3c1e25fd09ecb743e25e33349b929,2026-09-04T11:55:57+05:00,2026-09-04T11:55:57+05:00,0,38,614,85,0,app,0,0
c7d2b18eb6e1d2506b8eaa362e715cb92465a5c7,2026-09-04T16:49:29+05:00,2026-09-04T16:49:29+05:00,0,35,327,196,0,app,0,0
6b9805063d52b44269cdafab5afa975fd9b28cb3,2026-09-04T17:11:37+05:00,2026-09-04T17:11:37+05:00,0,8,771,0,0,app,0,0
ab6fc8bfad4894e998a44b340cd61bcab1b16e02,2026-09-04T17:40:22+05:00,2026-09-04T17:40:22+05:00,0,50,2000,225,0,app,0,0
60f7761a343ac4e77550732fb1a5bf3804061afe,2026-09-04T17:44:23+05:00,2026-09-04T17:44:23+05:00,0,10,48,3,0,app,0,0
a4875d6f3aa3c321b2b0c2ac1afb11b84698e73c,2026-09-04T17:46:26+05:00,2026-09-04T17:46:26+05:00,0,8,34,1,0,app,0,0
cf943fccc87f0189aadeb298e9d55704ccd2cd9c,2026-09-04T18:16:28+05:00,2026-09-04T18:16:28+05:00,0,35,1603,103,0,app,0,0
1f4f4999611c15086b81f92c0cb59a3605f07559,2026-09-04T18:26:57+05:00,2026-09-04T18:26:57+05:00,0,19,120,63,0,app,0,0
3be994e91def92e0d48bdb6f4ec6842a45caeede,2026-09-04T19:02:34+05:00,2026-09-04T19:02:34+05:00,0,46,9576,130,0,app,0,0
0442cc2618a6e771e2956119e5cf7b271177ff00,2026-09-05T12:16:51+05:00,2026-09-05T12:16:51+05:00,0,61,2047,398,0,app,0,0
3db7f86244dd3ae2742f0fcb3f8acdd41960f389,2026-09-05T13:08:20+05:00,2026-09-05T13:08:20+05:00,0,38,376,121,0,tests,0,0
e9db4804d5afb8fcd60886173f15dc6c307478d5,2026-09-05T13:13:15+05:00,2026-09-05T13:13:15+05:00,0,23,253,23,0,app,0,0
950f722242e829c0fdb235614309432e6a80af55,2026-09-05T13:23:31+05:00,2026-09-05T13:23:31+05:00,0,16,1148,11,0,app,0,0
99e5f526b5c72a580f741ed93522119cb7e82694,2026-09-05T13:35:19+05:00,2026-09-05T13:35:19+05:00,0,37,150,55,0,app,0,0
ce499d57eecb0847ab7defb07a7169c440362e07,2026-09-05T18:16:07+05:00,2026-09-05T18:16:07+05:00,0,69,3503,258,0,app,0,0
9f47617e7dc4ea6cb6ea8314af4ec373d69624f1,2026-09-05T18:44:51+05:00,2026-09-05T18:44:51+05:00,0,24,277,13,0,app,0,0
fc0975134da38db6cd83970c3bd8b151ca7befcd,2026-09-05T18:46:41+05:00,2026-09-05T18:46:41+05:00,0,1,35,40,0,app,0,0
5b90574935d2b827c733f68db7e08679af0ae27b,2026-09-05T21:54:39+05:00,2026-09-05T21:54:39+05:00,0,33,666,111,0,app,0,0
7d2407e20702b9612e8ce417cfa735c4f21bcaf8,2026-09-05T22:12:14+05:00,2026-09-05T22:12:14+05:00,0,1,39,2,0,build,0,0
77016b5d39c5b1589f9818c677c063e52ad74a35,2026-09-05T22:22:34+05:00,2026-09-05T22:22:34+05:00,0,20,148,58,0,app,0,0
d8c1ec893a62f99fb5593c569691ae54acfb0174,2026-09-06T00:21:41+05:00,2026-09-06T00:21:41+05:00,0,69,6600,3622,0,build,0,0
fc192ce7f37ee9c14448e6be56f6d450ac6a7e8c,2026-09-06T07:57:23+05:00,2026-09-06T07:57:23+05:00,0,39,2713,684,0,app,0,0
695986182299162e18dc46068f632ca7d10e6c5d,2026-09-06T08:47:24+05:00,2026-09-06T08:47:24+05:00,0,18,86,72,0,app,0,0
193b58a2bc4233b4bb1d03193f81622a2c2efa3b,2026-09-06T09:48:22+05:00,2026-09-06T09:48:22+05:00,0,14,257,40,0,app,0,0
3dbaa76591671990602aea51167d42e7384a49bd,2026-09-06T12:31:22+05:00,2026-09-06T12:31:22+05:00,0,44,1216,83,0,app,0,0
a45d96e1d869a07357d944ed0d4e3cbce5bbb004,2026-09-06T13:05:13+05:00,2026-09-06T13:05:13+05:00,0,32,303,13,0,app,0,0
711884787d8ac7b3edec82ea8c7eeaa3f05faeb1,2026-09-06T13:27:20+05:00,2026-09-06T13:27:20+05:00,0,21,186,24,0,app,0,0
fcd5fc2958dd6dad3120d370d811e35feb695bcf,2026-09-06T13:46:15+05:00,2026-09-06T13:46:15+05:00,0,15,182,35,0,app,0,0
16b05fe82c222df2c49273e16c920e459013600a,2026-09-06T14:56:28+05:00,2026-09-06T14:56:28+05:00,0,15,307,5,0,app,0,0
b29b7c0e06c447f005da23c2ee7475657cdf8a6b,2026-09-06T15:04:32+05:00,2026-09-06T15:04:32+05:00,0,5,120,4,0,tests,0,0
7160752ca535bac07ca156e4abcb9a05412de226,2026-09-06T19:03:29+05:00,2026-09-06T19:03:29+05:00,0,13,207,3,0,app,0,0
39c2d3fe7d678459ede4795e092efc522ebab700,2026-09-06T19:06:49+05:00,2026-09-06T19:06:49+05:00,0,1,9,12,0,app,0,0
c79ad0617514ed6f184493127646f1e613c8fd9c,2026-09-06T19:23:03+05:00,2026-09-06T19:23:03+05:00,0,4,71,23,0,app,0,0
89b25ecc383ba5431919671f826e803a11858b76,2026-09-06T20:15:23+05:00,2026-09-06T20:15:23+05:00,0,6,1888,8,0,build,0,0
ba30196e1c0fa40b9803635b65f132198f6a0258,2026-09-06T20:30:44+05:00,2026-09-06T20:30:44+05:00,0,1,50,11,0,app,0,0
ed77e4704816018ab236dc095214059edeabaed5,2026-09-07T10:04:25+05:00,2026-09-07T10:04:25+05:00,0,4,154,32,0,tests,0,0
70a505bae3deb0a4468a727af72a30adb3fbfa00,2026-09-07T10:57:21+05:00,2026-09-07T10:57:21+05:00,0,8,181,0,0,app,0,0
8b1565493e921ede7d4b809541996a96a3751259,2026-09-07T11:31:16+05:00,2026-09-07T11:31:16+05:00,0,8,152,47,0,app,0,0
4c7af0e9d3b95bf85d11ead4f4cc2329fbddfac5,2026-09-07T12:47:14+05:00,2026-09-07T12:47:14+05:00,0,8,243,21,0,app,0,0
8fb93c70a24e20e9bb65ffd3007ddcac87e73514,2026-09-07T14:33:09+05:00,2026-09-07T14:33:09+05:00,0,3,472,0,0,app,0,0
0b9e24a7c63603298e0126bf7ed571b3deffbf79,2026-09-07T15:19:04+05:00,2026-09-07T15:19:04+05:00,0,12,5459,3841,0,build,0,0
130d6bc7eae4fb56016cd2324fc0b9993b85b691,2026-09-07T15:21:45+05:00,2026-09-07T15:21:45+05:00,0,6,85,5,0,tests,0,0
5a85f181ec1f945b21a1d0d79048f24d247602a4,2026-09-08T08:48:26+05:00,2026-09-08T08:48:26+05:00,0,28,235,13,0,app,0,0
588637a0c1c4517b864b448b667df8765d6e99f0,2026-09-08T10:24:46+05:00,2026-09-08T10:24:46+05:00,0,5,28,5,0,app,0,0
719dc46477be999e9d9e2d55c8e23eb89fdb33b2,2026-09-08T11:00:42+05:00,2026-09-08T11:00:42+05:00,0,37,10226,55,0,app,0,0
bf998964ad8ec53355ea48f0790549991f98b440,2026-09-08T13:00:10+05:00,2026-09-08T13:00:10+05:00,0,30,415,17,0,app,0,0
26b4aa878ba4b6dc9eafac97d5227c9c417abc58,2026-09-08T13:02:41+05:00,2026-09-08T13:02:41+05:00,0,1,66,0,0,docs,0,0
a25e1f411d6bf3e33652ff3ec65e82a24c7b5d05,2026-09-08T13:11:01+05:00,2026-09-08T13:11:01+05:00,0,1,52,2,0,build,0,0
d6dea3f786272de08f029518baa8255ddb376d15,2026-09-08T13:41:18+05:00,2026-09-08T13:41:18+05:00,0,31,675,28,0,app,0,0
d9aa5523fa8b89eeaef29354695482bab6cc39ed,2026-09-08T14:01:23+05:00,2026-09-08T14:01:23+05:00,0,67,397,47,48,app,0,0
c987b38b0530bb8f53956a23c11a59a88f139bc2,2026-09-08T16:52:50+05:00,2026-09-08T16:52:50+05:00,0,1,34,22,0,app,0,0
0aae5c8e1429c4e06f38b4d2aa6f351b8f605acb,2026-09-08T16:58:36+05:00,2026-09-08T16:58:36+05:00,0,1,53,0,0,docs,0,0
4aa8adb2b6ad649a592339ec2976788940890e0f,2026-09-08T18:45:15+05:00,2026-09-08T18:45:15+05:00,0,1,22,0,0,app,0,0
d19052c0e13e1a0b5cff7a88b797058125ca13f9,2026-09-08T19:13:51+05:00,2026-09-08T19:13:51+05:00,0,21,663,129,0,app,0,0
0bcd45c15970299e68b95a77068bf6e8507cdbb4,2026-09-09T10:05:21+05:00,2026-09-09T10:05:21+05:00,0,8,497,2,0,tests,0,0
8137642263fd7e8420c8a2eb7fa612e28782cd20,2026-09-09T10:06:17+05:00,2026-09-09T10:06:17+05:00,0,1,25,2,0,build,0,0
9e7633657609e27b6fea94d9578b9c4ac657c4e9,2026-09-09T10:25:59+05:00,2026-09-09T10:25:59+05:00,0,2,201,6,0,app,0,0
6c3f92e417e32d839165c747611b8502f5ea2d96,2026-09-09T10:26:21+05:00,2026-09-09T10:26:21+05:00,0,1,26,0,0,build,0,0
3558170a187a0477604015ff181fea74f49831f9,2026-09-09T12:30:54+05:00,2026-09-09T12:30:54+05:00,0,3,284,4,0,tests,0,0
52b65d20c1b8a31ecf760926704cb418b8214d94,2026-09-09T12:31:13+05:00,2026-09-09T12:31:13+05:00,0,1,26,0,0,build,0,0
9884fb72c5b7f4d756db6b52efd7484df5127314,2026-09-09T12:52:12+05:00,2026-09-09T12:52:12+05:00,0,1,39,0,0,tests,0,0
4e6274a05e69a9c3b770edecbfe4a8b2abd393e6,2026-09-10T11:49:57+05:00,2026-09-10T11:49:57+05:00,0,4,61,7,0,tests,0,0
cdad0a61ec9a9c52fe70d05cc7a8674926e55b8c,2026-09-10T12:01:56+05:00,2026-09-10T12:01:56+05:00,0,3,62,2,0,tests,0,0
4cba99a7ff1297205a559ee4ca4afe20bcb8ee51,2026-09-10T13:15:16+05:00,2026-09-10T13:15:16+05:00,0,5,305,61,0,tests,0,0
c9036783596a58bc2738dfa099e4db4afed13d1a,2026-09-10T13:15:16+05:00,2026-09-10T13:15:16+05:00,0,3,123,8,0,app,0,0
a1eab371c4191be54156c9460fe66f6c17c5efad,2026-09-10T13:15:16+05:00,2026-09-10T13:15:16+05:00,0,1,65,0,0,build,0,0
2d08f810a5d00722dab20cf1f8e5589d3a3e5d4f,2026-09-10T13:15:16+05:00,2026-09-10T13:15:16+05:00,0,8,312,42,0,tests,0,0
cc3a6a34a772d78d2b7df87f4ba8f05eb6d09b95,2026-09-10T13:29:42+05:00,2026-09-10T13:29:42+05:00,0,1,9,0,0,app,0,0
a94f5e7a848975abdd111beea2328bc0d279039c,2026-09-10T14:38:13+05:00,2026-09-10T14:38:13+05:00,0,19,263,2,0,app,0,0
9f6c1a7a7d1b41a59b37fc0287b67e09d798dec6,2026-09-10T14:56:35+05:00,2026-09-10T14:56:35+05:00,0,3,1537,6,0,tests,0,0
ed4662614d6da2405896d78b2e53f267a4b882b2,2026-09-11T12:36:40+05:00,2026-09-11T12:36:40+05:00,0,4,33,3,0,tests,0,0
38d5e32b1f460319354cc7c1139d23e8ce11e939,2026-09-11T17:16:25+05:00,2026-09-11T17:16:25+05:00,0,1,1742,0,0,tests,0,0
0614f81b7995a8dd5af438ebf214badf36c328b9,2026-09-11T17:16:25+05:00,2026-09-11T17:16:25+05:00,0,8,1683,85,0,tests,0,0
03c40f2c93ba1373452617e0068b747bdd83bf9f,2026-09-13T05:56:15+05:00,2026-09-13T05:56:15+05:00,0,4,1141,23,0,tests,0,0
a63c76d741de0844a299257b3ce1f78c71a5eb5b,2026-09-13T05:56:15+05:00,2026-09-13T05:56:15+05:00,0,2,440,3,0,tests,0,0
1358eea5bc0347d1c96770d154f6e7739291506c,2026-09-13T16:45:17+05:00,2026-09-14T09:32:46+05:00,0,2,168,0,0,tests,0,0
c2943ca62ca484d9a9a60dc2150fb28ad0b8ac50,2026-09-13T16:46:19+05:00,2026-09-14T09:32:46+05:00,0,7,701,97,0,tests,0,0
01b76f7d6fbc65df31c41352f24d1ce4dcf01063,2026-09-14T10:03:13+05:00,2026-09-14T10:03:13+05:00,0,5,634,20,0,tests,0,0
e17509c585df3d31df3c1f576d761e51643cb9a5,2026-09-14T10:29:53+05:00,2026-09-14T10:29:53+05:00,0,17,496,32,0,tests,0,0
4ce27188365bf8caeffddfaa44c681dd263456ff,2026-09-14T16:23:50+05:00,2026-09-14T16:23:50+05:00,0,3,507,7,0,tests,0,0
66103cd86e60a21dd6ea10ecfdb91a1d9bff950f,2026-09-14T16:52:41+05:00,2026-09-14T16:52:41+05:00,0,3,293,78,0,tests,0,0
c64e3b81aa9f95722aa8729f9d8448e7f3922aeb,2026-09-14T17:45:17+05:00,2026-09-14T17:45:17+05:00,0,26,817,49,0,tests,0,0
32b03ba787bca53df210e599368a603d6fe41249,2026-09-14T18:07:16+05:00,2026-09-14T18:07:16+05:00,0,5,59,11,0,tests,0,0
b422581b4b77afe9f8beaf89c2abff97f429d3ca,2026-09-14T18:25:48+05:00,2026-09-14T18:26:13+05:00,0,6,573,129,0,tests,0,0
f0a9f34d1cdb8d12fe53e746b8721f1764b2e196,2026-09-14T19:03:49+05:00,2026-09-14T19:03:49+05:00,0,3,553,9,0,tests,0,0
2320bf91aae0855d4c13a871a6001e44815c9be9,2026-09-15T08:36:36+05:00,2026-09-15T08:36:36+05:00,0,6,612,26,0,tests,0,0
6aaac5c097ccdc11e4283c95d309163f60516d78,2026-09-15T12:32:12+05:00,2026-09-15T12:32:12+05:00,0,4,482,35,0,tests,0,0
f0ef2886858a425a0f2d3e1881b868ea757de8de,2026-09-15T12:57:32+05:00,2026-09-15T12:57:32+05:00,0,3,421,16,0,tests,0,0
263409624d095e856555fa1a7ffb8f6bc70fed42,2026-09-15T13:12:26+05:00,2026-09-15T13:12:36+05:00,0,2,77,0,0,tests,0,0
c1de4ef65d6e111e20a8dd21be82924ab01b4550,2026-09-15T14:15:51+05:00,2026-09-15T14:15:51+05:00,0,10,878,40,0,tests,0,0
f352f2e3e2ce7b78d44a8e432ce550385a206e38,2026-09-15T14:35:17+05:00,2026-09-15T14:35:17+05:00,0,2,38,1,0,tests,0,0
a6c394cb8dac509fe2251e876faf146ba22170c7,2026-09-15T15:01:19+05:00,2026-09-15T15:01:19+05:00,0,3,415,1,0,tests,0,0
30944a7c1693362197ad1935409bb159be20a569,2026-09-15T15:55:36+05:00,2026-09-15T15:55:36+05:00,0,8,720,41,0,tests,0,0
3a2a26351a96901696332d2ddac35acee1cf46f7,2026-09-15T16:23:43+05:00,2026-09-15T16:23:51+05:00,0,21,630,33,0,tests,0,0
e5cd8079527f07df40ee76d446ef42dac2cc01d3,2026-09-15T16:46:07+05:00,2026-09-15T16:46:07+05:00,0,17,416,30,0,tests,0,0
1c25a55e1ebf2c22b88bd2aeabe725afdd1c8692,2026-09-15T16:59:34+05:00,2026-09-15T16:59:34+05:00,0,3,48,4,0,tests,0,0
da9dae3965fa436a79b605d2407ea01748aa539f,2026-09-15T18:01:16+05:00,2026-09-15T18:01:16+05:00,0,34,784,36,0,tests,0,0
e03603042e8fe3e9c8de981bdbca2abe1fa8e8fd,2026-09-15T18:31:18+05:00,2026-09-15T18:31:18+05:00,0,4,550,13,0,tests,0,0
e4f24a585bbfae510f368a48512a9f69c4b3ffce,2026-09-15T19:16:09+05:00,2026-09-15T19:16:09+05:00,0,12,1224,226,0,tests,0,0
266d4a81f498a083e1bb1006c2992591d30d154b,2026-09-15T19:59:42+05:00,2026-09-15T19:59:42+05:00,0,2,51,1,0,tests,0,0
2c62718bba1ee27f3cbabe7acad495309ff2489a,2026-09-15T20:25:39+05:00,2026-09-15T20:25:39+05:00,0,19,703,38,0,tests,0,0
d38b65725e664a2ec96bea82ef697d6a281da48c,2026-09-15T21:09:40+05:00,2026-09-15T21:09:40+05:00,0,42,835,105,0,tests,0,0
3da624ac487c4be2144735e2eff631e347e58fc5,2026-09-15T22:21:46+05:00,2026-09-15T22:21:46+05:00,0,4,451,1,0,tests,0,0
fd6497e29c2fd97378abc1ac4aec3dcddba68b9b,2026-09-16T07:58:23+05:00,2026-09-16T07:58:23+05:00,0,27,1997,82,0,tests,0,0
1f5723a1e2cb7acbf3ccccb4951d0e8f0959b730,2026-09-16T08:51:01+05:00,2026-09-16T08:51:01+05:00,0,42,888,47,0,tests,0,0
d3053b0ef644c6040e9c037e51a082309ccb1440,2026-09-16T10:15:03+05:00,2026-09-16T10:15:47+05:00,0,30,724,90,0,tests,0,0
a542626e4d5e27304595d1e6d992c81ead958757,2026-09-16T10:16:16+05:00,2026-09-16T10:16:16+05:00,0,3,29,29,0,tests,0,0
e11edea52c43031af4ef6edb8681f7da63323d5b,2026-09-16T10:34:02+05:00,2026-09-16T10:34:02+05:00,0,21,618,18,0,tests,0,0
ab56b893e23e44bd2283b260f98b4d0dfda1a6f9,2026-09-16T10:35:27+05:00,2026-09-16T10:35:27+05:00,0,3,20,20,0,tests,0,0
2566669854cbe8be78fe3dd3facc0d8080004c84,2026-09-16T11:00:26+05:00,2026-09-16T11:00:26+05:00,0,6,639,5,0,tests,0,0
1779da000ff0130a8be28ac23de23b7160321303,2026-09-16T11:03:28+05:00,2026-09-16T11:03:28+05:00,0,2,844,59,0,tests,0,0
6de2d22cfac00ef7be59c9e32a251b24b2c9ec83,2026-09-16T11:19:56+05:00,2026-09-16T11:19:56+05:00,0,19,1610,166,0,tests,0,0
91bab89d885ebe5aa5c12a9ebd5a89c2680c3733,2026-09-16T11:21:22+05:00,2026-09-16T11:21:22+05:00,0,3,41,40,0,tests,0,0
4fe8da828f93854c8230aeb13b7b760ea1c180d3,2026-09-16T12:11:23+05:00,2026-09-16T12:11:23+05:00,0,21,542,26,0,tests,0,0
e2677d14ac8f00348e467bf189dc168136aa7237,2026-09-16T12:12:50+05:00,2026-09-16T12:12:50+05:00,0,3,10,10,0,tests,0,0
2ecba091b27546596e1074f914f2f67b8d8dbf6e,2026-09-16T12:52:03+05:00,2026-09-16T12:52:03+05:00,1,6,639,5,0,tests,0,0
f60acafc367804321e290467488c6e7812a77443,2026-09-16T12:52:03+05:00,2026-09-16T12:52:03+05:00,1,2,844,59,0,tests,0,0
ced7dbddafd5aaed1ee8b97fe00fe0896de2e190,2026-09-16T12:59:30+05:00,2026-09-16T12:59:30+05:00,0,5,44,13,0,tests,0,0
4b9d5af349c075831727086ce1b1a6172bf87d5b,2026-09-16T13:14:40+05:00,2026-09-16T13:14:40+05:00,0,13,227,40,0,build,0,0
b6790199265ef728b9875d47a8a19e7f8d09d346,2026-09-16T13:19:28+05:00,2026-09-16T13:19:28+05:00,0,2,266,0,0,tests,0,0
ac61d2214264c11050edb56616e5d70dd55e7235,2026-09-16T13:40:50+05:00,2026-09-16T13:40:50+05:00,0,2,64,42,0,tests,0,0
fec99b9ea8f5fb0d91b02758556e07b8b7987ee9,2026-09-16T13:45:28+05:00,2026-09-16T13:45:28+05:00,0,2,175,6,0,tests,0,0
01bfdd0b9e89c462fc8a17daafdac5d32d984020,2026-09-16T14:14:38+05:00,2026-09-16T14:14:38+05:00,0,21,172,19,0,tests,0,0
bf8d623410110e3929519190374090e1dd7e2c5d,2026-09-16T14:32:49+05:00,2026-09-16T14:32:49+05:00,0,1,19,3,0,tests,0,0
fe0f3533d3a5eeeac656fc20c2a73a011dd754c2,2026-09-16T15:11:02+05:00,2026-09-16T15:11:02+05:00,0,1,29,2,0,build,0,0
1de868333745b220c3da20fee44cb84914c7d5c7,2026-09-16T15:54:21+05:00,2026-09-16T15:54:21+05:00,0,4,180,3,0,tests,0,0
4c3fc9ff3b74d0d7b393882df973b8a5f70f5bb3,2026-09-16T15:54:21+05:00,2026-09-16T15:54:21+05:00,0,3,431,52,0,tests,0,0
6df550e202511971350dbbf356408864ca0de350,2026-09-16T16:25:09+05:00,2026-09-16T16:25:09+05:00,0,2,121,10,0,tests,0,0
a5d69fdbb261d2bdfbd363ef882bcbf68a383fc6,2026-09-16T17:56:32+05:00,2026-09-16T17:56:32+05:00,0,2,18,10,0,app,0,0
7191e9eb2d19adff0c6daab1976c747fca86e286,2026-09-16T17:56:46+05:00,2026-09-16T17:56:46+05:00,0,13,433,48,0,app,0,0
a47e2eab7455e0313e74933b8f7f279169cbd5c3,2026-09-16T18:29:16+05:00,2026-09-16T18:29:16+05:00,0,2,252,6,0,tests,0,0
cd09f18be5aab9aedfe22de3ff6be21dd47339fb,2026-09-17T10:30:11+05:00,2026-09-17T10:30:11+05:00,0,2,176,82,0,tests,0,0
8e43e0f42b9610e131afa83c00edb6c8d86c9f22,2026-09-17T10:32:12+05:00,2026-09-17T10:32:12+05:00,0,6,24,3,1,tests,0,0
393467cd8556d9d16735249361a913f86eefbc79,2026-09-17T10:32:16+05:00,2026-09-17T10:32:16+05:00,0,2,10,4,0,app,0,0
c1b04e3b63c97cb5ab821d7eceb432ead5257c8c,2026-09-17T10:47:06+05:00,2026-09-17T10:47:06+05:00,0,5,154,5,0,tests,0,0
fac7bb2784294b0344c04b1e122fdcfff531f81e,2026-09-17T10:52:32+05:00,2026-09-17T10:52:32+05:00,0,5,146,6,0,tests,0,0
05a0743b65015b9795ad5f74d951fc091de4ef65,2026-09-17T11:47:01+05:00,2026-09-17T11:47:01+05:00,0,15,543,66,0,tests,0,0
67328138f91ce52580556e853c87e8d215a44e80,2026-09-17T12:07:29+05:00,2026-09-17T12:07:29+05:00,0,10,205,16,0,tests,0,0
19c3e7cf0c5895553e0b70d0265a295f669de8e4,2026-09-17T12:18:03+05:00,2026-09-17T12:18:11+05:00,0,40,589,160,0,app,0,0
aa471c012708a7150422a9054f47236e7c9c0d12,2026-09-17T12:22:33+05:00,2026-09-17T12:22:33+05:00,0,33,404,139,0,app,0,0
0d016dca8169b2423afa82b2182c43cfea5f8e5e,2026-09-17T12:26:46+05:00,2026-09-17T12:26:46+05:00,0,20,240,81,0,tests,0,0
fa07bf7fae990e499248a971a0e888ee89e29304,2026-09-17T12:29:25+05:00,2026-09-17T12:29:25+05:00,0,19,380,383,0,app,0,0
171e4d336086578c117d02e3f3010260e3bc78cd,2026-09-17T12:36:20+05:00,2026-09-17T12:36:20+05:00,0,13,369,289,0,tests,0,0
41856284db772a4c39c37a31507defab92b474bb,2026-09-17T12:39:51+05:00,2026-09-17T12:39:51+05:00,0,3,2300,0,0,tests,0,0
535410a891011c4e4a37f3ee3d0baf204c2839fe,2026-09-17T12:44:10+05:00,2026-09-17T12:44:10+05:00,1,61,4247,987,0,tests,0,0
c2dc6e028a21429f2b173adf44a16e0ab3eb60a1,2026-09-17T13:16:40+05:00,2026-09-17T13:16:40+05:00,0,47,660,1478,0,app,0,0
3fde9052c58d029bff28fe19f9831b1e06fc7686,2026-09-17T13:20:21+05:00,2026-09-17T13:20:21+05:00,0,5,1115,23,0,tests,0,0
df657aa76e6d19efeca27e0460d8bfb67a42aace,2026-09-17T14:12:24+05:00,2026-09-17T14:12:24+05:00,0,24,117,235,0,tests,0,0
a7dd52d4725f7b31738566d934f84bde30d734fd,2026-09-17T14:13:13+05:00,2026-09-17T14:13:13+05:00,0,3,225,13,0,tests,0,0
67df6e509f16cdf1f2a29107ed8274f8cc77ab8c,2026-09-17T14:16:18+05:00,2026-09-17T14:16:18+05:00,0,1,22,2,0,build,0,0
7cfc40ed373f4862fd9e5246510cee3a31a6c462,2026-09-17T14:50:43+05:00,2026-09-17T14:50:43+05:00,0,24,238,18,0,app,0,0
fd1ce9f241cc11bb9bf5a72b3e5826a51ab23a0b,2026-09-17T14:51:43+05:00,2026-09-17T14:51:43+05:00,0,3,149,6,0,tests,0,0
20c49cf4cf2ff29b9edb419b32daa4f312e9e2cb,2026-09-17T15:00:03+05:00,2026-09-17T15:00:03+05:00,0,1,5,0,0,build,0,0
f1d63581c8541d8b34ea4ac91a9b3881aff5d1d0,2026-09-17T15:56:54+05:00,2026-09-17T15:56:54+05:00,0,18,480,1,0,app,0,0
191c359d6b2f1e403a91b44e5903477b17af93a3,2026-09-17T15:57:30+05:00,2026-09-17T15:57:30+05:00,0,1,86,0,0,docs,0,0
612cb68923dcd04db48ffa64c53053df0b42cf37,2026-09-17T16:04:54+05:00,2026-09-17T16:04:54+05:00,0,20,356,71,0,tests,0,0
2680efa5aff3725f90550aac6453d216fcd8b09d,2026-09-17T16:12:28+05:00,2026-09-17T16:12:28+05:00,0,27,383,39,0,tests,0,0
57dd5764a4fde9e4c2e868dd847b807e491f7eeb,2026-09-17T16:18:54+05:00,2026-09-17T16:18:54+05:00,0,22,403,22,0,app,0,0
46fae463535116e283691dde4be1335f41111680,2026-09-17T16:24:03+05:00,2026-09-17T16:24:03+05:00,0,20,245,4,0,app,0,0
e83dfbc4dd7619d7c39979fdcd9d30cf4d5825b4,2026-09-17T16:27:37+05:00,2026-09-17T16:27:37+05:00,0,19,183,2,0,app,0,0
ffff109f4fea650ab616981b6b393385f862d6fb,2026-09-17T16:32:44+05:00,2026-09-17T16:32:44+05:00,0,21,174,21,0,app,0,0
47bbe586ca7790c55bf28df17ce1e7e7928350d2,2026-09-17T16:39:13+05:00,2026-09-17T16:39:13+05:00,0,15,145,72,0,app,0,0
84cc02650e30098dfa63c910a24ffd86ab8cd404,2026-09-17T16:39:31+05:00,2026-09-17T16:39:31+05:00,0,1,19,18,0,docs,0,0
c89d990bc58fdbd28b3a94a9115426a63f9d4f4d,2026-09-17T16:44:25+05:00,2026-09-17T16:44:25+05:00,0,19,217,15,0,app,0,0
db1151894e1fb80597b7b49f33536bee67700061,2026-09-17T16:47:00+05:00,2026-09-17T16:47:00+05:00,0,15,132,5,0,app,0,0
d4b0994e540b6ca0ed5932a54db88ab6d8a51671,2026-09-17T16:52:35+05:00,2026-09-17T16:52:35+05:00,0,20,250,4,0,app,0,0
099e3779c042cc833099319bdca4232ea5682761,2026-09-17T17:10:10+05:00,2026-09-17T17:10:10+05:00,0,13,500,72,0,tests,0,0
3601f48a99ba75b1eba5f68279e006f112fe58f3,2026-09-17T17:18:01+05:00,2026-09-17T17:18:01+05:00,0,49,2,2,48,docs,0,0
f6112824601d5b7b8317c190ebfc2f915063ed64,2026-09-17T17:36:01+05:00,2026-09-17T17:36:01+05:00,0,18,484,9,0,app,0,0
1f83a8eea9a5684255a6aef9d66d8f49b50337cf,2026-09-17T17:40:34+05:00,2026-09-17T17:40:34+05:00,0,6,55,20,0,app,0,0
bab9feeca919902d88aefbad983114d373825442,2026-09-17T17:44:59+05:00,2026-09-17T17:44:59+05:00,0,5,85,20,0,tests,0,0
a0706b78869eb437369d31182016465239335ce5,2026-09-17T17:53:26+05:00,2026-09-17T17:53:26+05:00,0,17,206,44,0,tests,0,0
6ca23b84dafe14cd3150b2ae9e8378bd62f39bfa,2026-09-17T17:58:39+05:00,2026-09-17T17:58:39+05:00,0,6,131,100,0,tests,0,0
663dc591c58902db88e95a2bfab60ad894b65a08,2026-09-17T18:04:29+05:00,2026-09-17T18:04:29+05:00,0,19,130,6,0,tests,0,0
605ff96ac1500f2144b6696eaf6ebb4aa69c0db4,2026-09-17T18:14:44+05:00,2026-09-17T18:14:44+05:00,0,7,177,6,0,tests,0,0
b78cd5901bdb7316745dbace87ccb2bde7cadcda,2026-09-17T18:23:18+05:00,2026-09-17T18:23:18+05:00,0,20,283,50,0,app,0,0
6a975a35e69abb4f3a9643e9e81a7fa15fe09fc8,2026-09-17T18:30:14+05:00,2026-09-17T18:30:14+05:00,0,25,225,15,0,app,0,0
cf7ce7b5df67c28540ab31984b3ccad79817aa9f,2026-09-17T18:34:41+05:00,2026-09-17T18:34:41+05:00,0,17,109,6,0,app,0,0
3ce05064669ecd58c2a5f3eb75a494d14db90ce3,2026-09-17T18:34:51+05:00,2026-09-17T18:34:51+05:00,0,1,1,1,0,docs,0,0
683bd4df6f5df08193d33baf6e0a734f710f5e78,2026-09-17T19:07:54+05:00,2026-09-17T19:07:54+05:00,0,10,192,87,0,app,0,0
bb478a67863f4030ea2a80dd86051b010a456007,2026-09-17T19:13:55+05:00,2026-09-17T19:13:55+05:00,0,4,169,29,0,app,0,0
18bdb4fa0904a32218f59e2467ae20c16fa50afc,2026-09-17T19:17:55+05:00,2026-09-17T19:17:55+05:00,0,1,1,0,0,docs,0,0
97c3e296f18d9a55222b5c40930f10c82711ad5a,2026-09-18T11:03:51+05:00,2026-09-18T11:03:51+05:00,0,6,234,41,0,tests,0,0
b2a81bb96f2473e99bcda5282418fcde8681a17d,2026-09-18T11:13:29+05:00,2026-09-18T11:13:29+05:00,0,18,523,12,0,app,0,0
afdaa574c347d31909b6e9da67e687162a5a2022,2026-09-18T11:35:37+05:00,2026-09-18T11:35:37+05:00,0,25,790,88,0,app,0,0
c82062a8cd8bed482d4ef3d02615b5bd957521b1,2026-09-18T12:11:16+05:00,2026-09-18T12:11:16+05:00,0,55,966,248,0,app,0,0
e5d28e4ac5943da7e009d81553000c98bf7ae2aa,2026-09-18T12:14:33+05:00,2026-09-18T12:14:33+05:00,0,1,8,4,0,docs,0,0
fe5f5528082c43662f2b79e6c8e1910274f1a486,2026-09-18T12:40:46+05:00,2026-09-18T12:40:46+05:00,0,5,252,3,0,tests,0,0
d1baf5356508c7963981872ab35176f4d8ff80df,2026-09-18T13:52:04+05:00,2026-09-18T13:52:04+05:00,0,67,2109,269,0,app,0,0
4a88a4647ecb2f682697a685359e8e7c37aa34bf,2026-09-18T14:03:59+05:00,2026-09-18T14:03:59+05:00,0,3,22,12,0,app,0,0
32e0e07f1fddcce4bf5b392f1698d015b41497d4,2026-09-18T14:11:56+05:00,2026-09-18T14:11:56+05:00,0,3,32,3,0,tests,0,0
c6fbc3496260a41c428aa29d394597ac6cb7758a,2026-09-18T17:34:13+05:00,2026-09-18T17:34:13+05:00,0,2,64,5,0,app,0,0
107e33b89bbacd71393303e6b3f8cf744e0ccfc9,2026-09-18T23:53:03+05:00,2026-09-18T23:55:23+05:00,0,11,584,154,0,seeker,9,696
e237e49b5519564cafc726ebfee636500a849d4a,2026-09-19T11:09:56+05:00,2026-09-19T11:09:56+05:00,0,18,932,433,0,seeker,15,1263
03e2127ef6c3f84a2db72c96da48f49a63b3a2c7,2026-09-19T11:14:48+05:00,2026-09-19T11:14:48+05:00,0,7,173,4,0,seeker,7,177
e1b1f1653db9b24fa1c777d62471d885a12fd5a2,2026-09-19T11:57:32+05:00,2026-09-19T11:57:32+05:00,0,4,86,55,0,seeker,3,137
2f1741a769e84d04a8767d9c18a8bdd00637a324,2026-09-19T12:01:46+05:00,2026-09-19T12:01:46+05:00,0,3,56,1,0,seeker,3,57
d71782792a698ce71f004b1c2818cf2af7b026ac,2026-09-19T12:05:34+05:00,2026-09-19T12:05:34+05:00,0,9,123,63,0,seeker,7,170
8ee79add5c023fb26d3fadd7da056c120bb37053,2026-09-19T14:14:42+05:00,2026-09-19T14:14:42+05:00,0,2,69,0,0,seeker,2,69
7195951a016c67b598338b563f6d314154d1d37a,2026-09-19T15:05:03+05:00,2026-09-19T15:05:03+05:00,0,7,368,287,0,seeker,7,655
15d4b7c934397ed9dc3609a0388dda817c19ffea,2026-09-19T16:39:29+05:00,2026-09-19T16:39:29+05:00,0,4,143,23,0,app,1,3
19239d782d4a4d1a6fc057ccc09267951cb977fc,2026-09-19T17:09:52+05:00,2026-09-19T17:09:52+05:00,0,14,26,18,0,app,0,0
dbdf93c4b59b7ab4de73e36e8bbaa5e195b81888,2026-09-19T17:38:08+05:00,2026-09-19T17:38:08+05:00,0,5,127,23,0,app,1,33
0444aab35b641f331fecc0e6c3abc021f2dd8099,2026-09-19T17:40:52+05:00,2026-09-19T17:40:52+05:00,0,5,25,10,0,seeker,4,31
51c8e56108ba5045745ea5597882b090e214cd4f,2026-09-19T18:06:20+05:00,2026-09-19T18:06:20+05:00,0,1,2,2,0,seeker,1,4
d7530a13bbf22b0b7bbe21e04b66356b6e2e2d26,2026-09-19T18:41:20+05:00,2026-09-19T18:41:20+05:00,0,24,442,27,0,app,1,29
3de411657963e4df84a475123b30d4bc829fa9fc,2026-09-19T19:16:38+05:00,2026-09-19T19:16:38+05:00,0,4,39,4,0,tests,1,7
321818e19cff5d03d9464ca3c3f7f2b98ae81c8b,2026-09-19T20:08:36+05:00,2026-09-19T20:08:36+05:00,0,22,143,12,0,seeker,1,85
fd65c4f8b10bc2cf3842bac693e5273563f9139b,2026-09-20T11:45:14+05:00,2026-09-20T11:45:14+05:00,0,3,104,5,0,seeker,3,109
a91d1a46d85b734d1cd97814375d2e6c7658b49e,2026-09-20T12:12:29+05:00,2026-09-20T12:12:29+05:00,0,8,145,48,0,tests,2,72
8303916de272ca169f5fc60ba6e2ff1bae2ebf50,2026-09-20T12:44:11+05:00,2026-09-20T12:44:11+05:00,0,2,24,8,0,build,0,0
b3b163b93debff9e044a9e76ee1edc37d5f0ca98,2026-09-20T14:37:56+05:00,2026-09-20T14:37:56+05:00,0,18,282,3,0,tests,0,0
aac959ef2ed2f8800deae0724f3daccbf578bc2d,2026-09-22T12:55:49+05:00,2026-09-22T12:55:49+05:00,0,4,265,5,0,tests,0,0
c04d98df82573ba8af03ce2976deec498e23859f,2026-09-22T13:06:54+05:00,2026-09-22T13:06:54+05:00,0,2,274,12,0,tests,0,0
0ca780fb45fe70d789907b2b6fc744073eff20aa,2026-09-22T13:35:24+05:00,2026-09-22T13:35:24+05:00,0,7,392,265,0,tests,0,0
2e9467030e4c6cd936a0dd32b6dd168480c645c5,2026-09-22T13:58:44+05:00,2026-09-22T13:58:44+05:00,0,24,177,82,0,app,1,7
bb3985ef9440d11c14f46d017d380b46a0392351,2026-09-22T15:14:26+05:00,2026-09-22T15:14:26+05:00,0,7,457,16,0,tests,0,0
23fe2112e63965016d52ca96ce102b9e8ad391df,2026-09-22T15:24:51+05:00,2026-09-22T15:24:51+05:00,0,3,212,5,0,tests,0,0
1aea585806a86969f2b33506462329f824ce9030,2026-09-22T15:31:01+05:00,2026-09-22T15:31:01+05:00,0,2,64,10,0,app,0,0
9c8df00f663bbd46551bf57a6be2bd2d1c8ddbdb,2026-09-22T15:48:54+05:00,2026-09-22T15:48:54+05:00,0,1,38,2,0,build,0,0
4f2e631da7f652193b4c182adeb64d388465c4a6,2026-09-22T21:19:09+05:00,2026-09-22T21:19:09+05:00,0,1,54,0,0,tests,0,0
e130dd76be564e6b9a8b260d9309fc955ccba7d4,2026-09-22T22:16:42+05:00,2026-09-22T22:16:42+05:00,0,2,94,0,0,tests,0,0
bd2f666fb8d7b69196ccb5fc9414c89c8483fa98,2026-09-22T22:58:24+05:00,2026-09-22T22:58:24+05:00,0,3,18,4,0,app,0,0
26745fa37bcd18de30937096544485a60339cf9c,2026-09-22T23:30:33+05:00,2026-09-22T23:30:33+05:00,0,3,138,4,0,tests,0,0
3564264513d66e0fca49b8043f07d5e25854aaf2,2026-09-22T23:41:43+05:00,2026-09-22T23:41:43+05:00,0,4,63,0,1,build,0,0
850d2ab843045adecb2b35060af9004c79ea6bf9,2026-09-23T10:36:32+05:00,2026-09-23T10:36:32+05:00,0,10,371,50,0,app,0,0
2e96e1137cd00eb1928d225956b436d673a499db,2026-09-23T14:50:39+05:00,2026-09-23T14:50:39+05:00,0,5,82,1,0,tests,0,0
2218170699f741f881325295b9d7760ff3499baa,2026-09-23T15:23:46+05:00,2026-09-23T15:23:46+05:00,0,7,198,8,0,tests,0,0
6314773bb7da6a616fe71a9c7d5550314ced12fd,2026-09-23T15:53:07+05:00,2026-09-23T15:53:07+05:00,0,35,135,63,0,tests,0,0
67e413045ccfe586e35e2d406099b70b4af51819,2026-09-23T15:53:07+05:00,2026-09-23T15:53:07+05:00,0,4,10,9,0,tests,0,0
9a9517d1862577d7c7677666e2ab289136f2100a,2026-09-23T16:03:18+05:00,2026-09-23T16:03:18+05:00,0,8,237,10,0,tests,0,0
83cb408c644291468c7d018ebd5fed814713a305,2026-09-23T16:03:28+05:00,2026-09-23T16:03:28+05:00,0,2,162,0,0,tests,0,0
541a00056899b03c900043816f9261dbfc84b73f,2026-09-23T16:05:55+05:00,2026-09-23T16:05:55+05:00,0,2,28,1,0,app,0,0
b5a95dcb698193f582986725ecf0577ca13d2278,2026-09-23T16:15:22+05:00,2026-09-23T16:15:22+05:00,0,22,619,17,0,app,0,0
47e035935174c12bab711d47433c38608150a76f,2026-09-23T16:46:31+05:00,2026-09-23T16:46:42+05:00,0,45,1196,40,0,app,0,0
a492a38bb5b18356b35605a855170fab6f41cb94,2026-09-23T18:04:05+05:00,2026-09-23T18:04:05+05:00,0,3,66,4,0,tests,0,0
3dd4cc4d33ae7843acdc80e6f9faf404e0cb6a74,2026-09-23T18:44:34+05:00,2026-09-23T18:44:34+05:00,0,6,111,50,0,app,0,0
f116dca5574633408923e92e978fbea2fd7e20ae,2026-09-23T19:06:05+05:00,2026-09-23T19:06:05+05:00,0,3,26,16,0,app,0,0
a3f5b628e3982ed875cfc86a7b4c6abef979fe23,2026-09-23T19:22:53+05:00,2026-09-23T19:22:53+05:00,0,7,268,2,0,tests,0,0
40316840550c1283c5b8b151d32c101b18975e4f,2026-09-23T19:31:30+05:00,2026-09-23T19:31:30+05:00,0,3,135,22,0,tests,0,0
fa96c8314e784742b7cb5b556e2a5b962793c5cb,2026-09-23T19:42:44+05:00,2026-09-23T19:42:44+05:00,0,2,30,22,0,tests,0,0
35bd375d1b8234f27cb62e64f08928d1b4c6abaa,2026-09-23T20:22:24+05:00,2026-09-23T20:22:24+05:00,0,3,92,51,0,app,0,0
3b8d60585fa6a42ebec5b19cf0d99d92590c9f22,2026-09-23T22:15:26+05:00,2026-09-23T22:15:26+05:00,0,94,1338,902,0,app,1,4
98d8515669af00f18ecb3ab44ec3cda44f6231b4,2026-09-24T12:05:25+05:00,2026-09-24T12:05:25+05:00,0,6,249,8,0,tests,0,0
7e2299d14de1a3351ec50047d1b18822578e1db9,2026-09-24T12:12:38+05:00,2026-09-24T12:12:38+05:00,0,1,183,0,0,tests,0,0
5c88b2ce750020e3607929fe21fa450a42a1460e,2026-09-24T12:35:20+05:00,2026-09-24T12:35:30+05:00,0,7,392,90,0,tests,0,0
cdd04e0229fe052e3a0abd2afc3ca6fcad7ab991,2026-09-24T12:54:07+05:00,2026-09-24T12:54:07+05:00,0,2,70,1,0,tests,0,0
d387a11f48fbf214b2919cdb979a3e4e3c55d05e,2026-09-24T13:13:15+05:00,2026-09-24T13:13:15+05:00,0,7,369,48,0,tests,0,0
a6a11569c163f43e71dd52a7b81e0b1cd0f0c2e8,2026-09-24T14:33:58+05:00,2026-09-24T14:33:58+05:00,0,1,61,1,0,tests,0,0
1e40651db1e1a0f332eecfa406bf39d60a123351,2026-09-24T14:42:58+05:00,2026-09-24T14:42:58+05:00,0,1,1,1,0,docs,0,0
60c71ef303047a4c671ecc15677f31486ca32f7d,2026-09-24T17:48:53+05:00,2026-09-24T21:58:09+05:00,0,14,626,304,0,tests,1,1
6710abd34f2724471534053fc6eb7ae7d890b798,2026-09-25T13:21:45+05:00,2026-09-25T13:26:14+05:00,0,15,60,47,0,app,1,15
390bb633acaf061ea3c58e6b67288726232c5033,2026-09-25T13:32:32+05:00,2026-09-25T13:32:32+05:00,0,5,213,7,0,tests,0,0
29d9c17ea0a819fbf1752473a34b482565a1f160,2026-09-25T14:07:13+05:00,2026-09-25T14:07:13+05:00,0,18,230,67,0,app,0,0
2910d2f18da1d9cc0fc16293c9af47ce54402a96,2026-09-25T16:09:48+05:00,2026-09-25T16:09:48+05:00,0,10,163,73,0,app,0,0
749051ebf955f417109b582755c20f35dc0de3e6,2026-09-25T16:40:00+05:00,2026-09-25T16:40:00+05:00,0,7,156,15,0,tests,0,0
